,Video #,Cell,Track,From,To,Time,Speed,Distance,x1,y1,x2,y2
0,1,1,10,1,2,12,1.8977601959497152,8.09003950195401,325.22921059410237,29.372963448181512,317.0716967603134,29.411347986014924
1,1,1,19,1,1,6,121.06217281588367,0.2083015717447079,293.95853550166044,63.16528499088951,353.3824748753212,76.14137134495267
2,1,1,19,1,1,5,73.06400676321893,0.6060798058247509,353.3824748753211,76.14137134495266,353.48194818914254,75.67538321796128
3,1,1,19,1,1,6,60.917483253551545,0.46585647040008843,308.98161282708776,66.06075579382704,264.7483851282242,56.25149747267402
4,1,1,23,1,2,6,0.541279859788888,1.1467105126967756,353.45366986821807,74.85835857114526,353.21754584008823,75.66339822935458
5,1,1,23,1,1,7,0.6342864459692334,0.5243555861470931,353.21754584008823,75.66339822935458,352.59374832281856,75.58638873716872
6,1,1,23,1,1,7,103.83890524388451,0.5184164834316115,352.5937483228186,75.58638873716873,352.2333081631266,75.36557891000504
7,1,2,44,1,2,6,0.6319594385872865,2.1688079402969613,244.53515633842665,94.50206527639912,245.61175799166276,93.95950276645068
8,1,4,1,1,1,16,0.6642255725110277,0.6503769378487516,264.4963224545264,177.64898139013005,265.0270412763599,177.75456966483787
9,1,4,1,1,2,11,0.8205501321926594,1.4089993315779317,265.0270412763599,177.75456966483785,264.6280698544471,176.40861239811846
10,1,4,1,1,2,14,0.5577936231397682,1.1074033361157605,264.628069854447,176.40861239811846,265.1677928901785,175.98604633851744
11,1,4,36,1,1,8,0.6227668756489602,0.4029423322854197,379.0654643524463,230.35160641527534,379.11671381525343,230.59003790759743
12,1,4,36,1,2,5,0.5412839654056383,2.026958125079181,379.11671381525343,230.59003790759743,378.7335149690406,229.51035897511846
13,1,4,36,1,1,4,0.6606251959086809,0.29348113611048526,378.7335149690405,229.5103589751184,378.8757575316253,230.12901304005095
14,1,4,48,1,1,4,0.6373523906338583,0.9938490319933398,347.0587293698809,224.08043942651884,346.42379251838986,224.65213213569638
15,1,5,30,1,1,5,0.8535532581714275,0.9614520196009969,432.5837672727806,333.72951273490327,432.2933389682721,333.37503501511753
16,1,5,85,1,2,39,124.52321298758157,2.5733801465902015,501.15095229961213,333.7951637037154,501.6307222022738,335.5429516732389
17,1,6,18,1,1,4,198.18726534064285,0.5494918508000829,168.35709376836138,307.06987741125386,165.68609496015245,302.19882877902705
18,2,1,106,1,1,6,0.5020449916078334,0.9205043824526749,147.03401471013237,59.18583373079198,146.56731736431945,58.74416164572327
19,2,1,106,1,1,13,1.183536872193594,0.6258419881744706,146.56731736431948,58.74416164572327,146.54987558041518,57.97201278315809
20,2,1,106,1,2,7,0.5017214101485022,1.1184471753967968,146.54987558041518,57.97201278315809,145.41982758975774,57.885736854778685
21,2,1,111,1,1,4,0.5161990623380832,0.6624218464329508,139.41034487351192,147.09245660507625,137.4754984385323,144.15752343012616
22,2,1,134,1,2,13,53.08686990841351,15.589314870474032,123.57556452758513,109.59549530752216,112.19173404111136,118.3749735573097
23,2,1,134,1,2,13,1.5313744547435009,5.470214018132437,112.19173404111133,118.3749735573097,110.55880898696428,123.55691420349999
24,2,1,159,1,2,8,29.402252967702676,3.980584438295591,77.5449439470053,80.0471802311581,81.41144896912638,78.77271325403105
25,2,1,159,1,1,5,0.5585939802333467,0.2959292253480747,81.4114489691264,78.77271325403105,69.26822558109635,67.71623754221733
26,2,1,161,1,2,4,0.3667456692209116,1.4932910273349698,165.72102234753714,54.95301223604834,167.65763040873654,53.73326885164755
27,2,1,163,1,2,7,0.731066147030348,1.3347415724410425,88.62618676394,96.0617427008469,88.41618850103639,94.50867726382494
28,2,1,163,1,1,4,0.36936053108852773,0.2125387012307365,87.0211281471044,94.25871049250942,87.55341127276903,94.10240272326267
29,2,1,163,1,1,9,0.5381878318992481,0.8402587674350671,87.55341127276901,94.10240272326267,88.20193579315472,93.13021618304825
30,2,2,2,1,1,9,0.6590892814554183,0.8931305386745303,280.51158547154137,136.14637441117515,281.9013942298494,136.08327243393262
31,2,2,2,1,1,6,0.3855443533808525,0.5125942024174116,281.9013942298494,136.08327243393265,281.0621007258766,136.40773393596416
32,2,2,45,1,1,6,0.4896009893877285,0.20588794194310425,312.00721424931305,129.0936276271141,311.4345807774049,128.83373541350386
33,2,2,46,1,1,5,0.5876984830033118,0.8757208475459026,306.17227780862174,119.89268785402649,306.6402003816423,119.119356732588
34,2,2,104,1,1,4,0.6241298502962545,0.356812603729882,260.91585808171897,165.43403753820996,260.88560662035235,165.10822646637294
35,2,2,104,1,1,12,0.7524179986415711,0.2970238754701537,260.88560662035235,165.10822646637294,260.23041313760933,165.05856874150666
36,2,2,130,1,1,9,0.5379756929175679,0.4738237188756814,278.1154739961985,143.02459911788887,278.5747127026332,143.72007577056604
37,2,3,7,1,1,7,0.5203630737707325,0.2406075610789869,431.524388861857,175.81702573449763,431.41369555798445,176.14329242240333
38,2,3,35,1,1,4,0.6295844940087858,0.30092098072862505,406.7879252896455,233.2481870163407,406.8193150306441,233.81645189842834
39,2,3,35,1,1,9,0.841484055013549,0.8182355477577659,406.8193150306441,233.8164518984284,406.6583862446216,233.0224006722083
40,2,3,35,1,1,11,0.6027647500530593,0.44930552976795746,406.6583862446216,233.0224006722083,407.0223826034261,233.41137872833696
41,2,3,100,1,1,9,115.98225911882004,0.4870605259370572,439.60497895740093,274.3493213682335,439.0853770826141,273.9087521199044
42,2,3,101,1,1,15,0.6537986272066832,0.4559630992940421,438.5173157997725,274.14805015069203,438.1652058638378,274.23764343845403
43,2,3,101,1,1,5,0.887753676032473,0.09320579485846202,438.1652058638378,274.237643438454,438.59645007958426,274.0640837681886
44,2,3,112,1,1,4,0.7738465422388274,0.6346061246587714,439.2952873245287,175.15178637947778,439.38524209378573,175.22860439848017
45,2,3,129,1,1,4,113.58118603960084,0.5711534992611222,406.7190431475052,197.51154980593793,348.41679060816887,168.90206755774585
46,2,4,43,1,2,35,1.2620078693911094,13.15400311573134,39.89590291856797,219.9019528155198,35.18270901677974,207.34888307644644
47,2,4,43,1,2,17,0.7794551705523145,2.9596790527068584,35.18270901677974,207.34888307644644,32.204240021068394,207.1930667229157
48,2,4,43,1,2,14,0.827691220309989,3.7906059821125804,32.204240021068394,207.19306672291563,34.779637985693036,209.66795613648492
49,2,4,43,1,2,19,24.369526502142616,9.41025986563437,34.779637985693036,209.66795613648492,42.46904318693238,214.97291990832014
50,2,4,56,1,1,4,0.35852561134735367,0.47524850286211606,44.883263959288875,176.3542769564886,44.52116008155671,176.01467111985707
51,2,4,56,1,1,10,0.5936105420527816,0.2679297666741347,44.52116008155671,176.01467111985704,44.458104548459616,175.59367383902946
52,2,4,56,1,2,4,0.40891350323785197,1.2711933023977215,44.45810454845961,175.59367383902944,44.31144418948379,177.62889352407083
53,2,4,85,1,2,7,0.540535045478253,1.3495147631127666,22.04700736219291,254.26681403953924,22.167476381894854,255.0980404650084
54,2,5,75,1,2,6,0.5869975570381579,2.3017740718416073,114.7977029029161,241.23417159631157,116.0390667138427,238.61317158131234
55,2,5,75,1,2,11,0.8025536166190992,2.4084253791084076,116.03906671384267,238.61317158131232,117.57738999149733,236.82125309953258
56,2,5,75,1,1,8,0.6628828954907932,0.5211632418708738,117.57738999149734,236.82125309953258,116.69345792691955,237.2398105808137
57,3,1,17,1,2,4,0.6543811551046825,1.8739513081242447,155.58846136333378,142.66713764235436,155.41238258704473,140.74608000991515
58,3,1,17,1,1,19,0.8027276866796641,0.7404794559100965,155.41238258704473,140.74608000991515,154.74606441634685,139.70264215363855
59,3,1,120,1,2,35,1.3550466204934746,11.565947690744185,141.9245381836818,94.04886811507501,137.87310971475276,82.77385027539597
60,3,1,120,1,2,20,1.0131610631328933,2.6991912405166727,137.87310971475276,82.77385027539597,140.00254983455685,84.63203604838563
61,3,2,14,1,1,4,0.33741882711975246,0.7690537771804534,246.73307442457482,89.85284770463936,247.75058462917397,89.65158302082354
62,3,2,61,1,2,12,1.0504137563868123,4.4008127780036075,257.57547572719653,133.1844382798028,255.56572580284006,138.05774762664745
63,3,2,61,1,2,8,1.50754382154481,1.7558516100611885,255.56572580284006,138.05774762664745,256.0460410939142,136.23136000449136
64,3,2,61,1,2,17,1.163473145352084,2.149876534441775,256.0460410939142,136.23136000449136,257.7140847178123,136.89213227473434
65,3,2,94,1,1,12,0.649837477113297,0.3708883469993056,281.6144014757194,127.46005254262423,281.54317364934224,127.55210247110058
66,3,3,9,1,2,5,0.7187220793319693,1.22411913156084,177.1035971664678,217.1085020498617,176.41620351135177,216.40782295436557
67,3,3,51,1,2,14,0.7294673313894687,1.8139543389542374,190.22442014053104,252.41016083620377,191.1157940229869,250.7635088010407
68,3,3,104,1,2,12,0.9303243146218749,3.3468085323242196,221.54784316978447,207.28023511155783,219.46288221958034,209.76758735685843
69,3,3,135,1,1,5,0.44490307272629737,0.17236992320346853,227.62472959058323,284.02779984439377,228.34886724392263,284.2435574924627
70,3,4,1,1,2,12,0.6442387865161522,4.279318969029008,416.92650335516464,286.85731574655404,412.6751934310323,285.4161182915457
71,3,4,45,1,1,4,0.4835502474206912,0.7625016199455084,370.9410991792877,335.035439309372,371.53155962265345,334.72083361730836
72,3,4,98,1,1,11,0.698453810168195,0.24610213680925613,409.9248672341731,336.3099355962506,410.50550357332077,336.7419965571272
73,3,4,122,1,2,7,0.6473835218081305,3.1359062015277916,420.39315527798874,254.4846827804541,423.2040504839152,253.72025088202685
74,3,4,132,1,1,7,0.63557739893294,0.11467601855684353,410.26590925209246,248.55956697289085,382.7139664054102,232.343337078464
75,3,4,136,1,1,8,120.86305674899593,0.5979008148330879,364.51874287625736,221.09024973899508,410.5443056918109,248.82066521574149
76,3,4,148,1,1,5,0.6993026491858274,0.7807950417422828,431.1028113852256,342.48408109526065,430.771403084269,342.62217541671237
77,3,4,165,1,2,18,1.6050078986097536,13.80057495740229,449.8414539032351,261.07583262560667,454.5463736682529,274.76588433397296
78,3,4,165,1,2,14,0.7199445404384611,5.128634628003919,454.670337358627,273.11481275776504,449.9145428243426,271.1728953545508
79,3,4,165,1,2,13,0.5568116106457569,3.2641173411349707,449.9145428243426,271.1728953545508,447.6298620316189,272.71138736982783
80,3,4,165,1,2,36,0.7775317387890017,7.7263098223504505,447.62986203161887,272.71138736982783,444.2351139867149,279.19649808562303
81,3,4,169,1,1,4,0.47489417022133246,0.9142814530488519,361.6434007510304,275.36199697220917,361.8722838298568,275.56032004166906
82,4,1,31,1,1,4,0.5166108990310035,0.40306822368824136,285.0784937909965,108.01866992472324,284.94628750447004,107.58344887197276
83,4,1,84,1,2,7,65.0038392765177,1.6315371220250825,219.64201756197403,53.49848143596847,219.889251925829,51.26762786630237
84,4,1,90,1,1,4,0.6186526005234503,0.42915564863079875,194.70316188069324,45.15925454576368,220.05166807960438,51.80312522937482
85,4,1,102,1,2,12,1.2584023457040248,1.7035161020183907,237.00269497056127,65.13497415304306,237.65407821683772,63.665548838259404
86,4,1,102,1,1,6,82.48334685610534,0.37657210156237597,237.65407821683772,63.66554883825942,237.04416075539544,64.2004840709448
87,4,1,113,1,1,4,0.4132340517506983,0.3835181948034995,223.03629083584994,8.227351982450486,222.47038872592526,8.129083132365611
88,4,1,113,1,1,7,0.5685201272950985,0.34594201304516875,223.3766456746495,9.306045982523576,223.09880878522782,9.707720103804995
89,4,1,117,1,1,8,0.9948884448560344,0.4061026750041825,198.38617971151908,32.28449604003309,198.88858931571858,32.46560284404582
90,4,1,122,1,2,7,58.21952400967462,1.0411697425983162,198.81336922199128,31.883767923612265,198.49026848118737,31.211397118986643
91,4,1,129,1,1,15,0.8968474578179392,0.8948195462047996,263.53467277807493,90.23822639181894,263.3881197202931,89.91427253321278
92,4,2,25,1,1,6,0.6955976393984612,0.9851829836522658,72.06480049123762,134.8358135888699,70.65372030988827,134.1757255240905
93,4,2,55,1,1,4,0.4130319382487142,0.8315102132106108,26.336238912833405,35.99204631134727,25.747888617501747,36.607597921469356
94,4,2,82,1,2,6,0.40806135231985446,1.3853165885406833,80.84462442073891,98.50759174952334,80.67141302347356,99.61632078439781
95,4,2,82,1,2,21,0.669894065629905,1.272043623233954,80.67141302347359,99.61632078439781,82.09112564289794,100.77756863214456
96,4,2,82,1,2,8,0.5966601665084057,1.983445647591409,82.09112564289794,100.77756863214458,83.703604604303,99.5998045760366
97,4,2,93,1,1,6,0.5364502057649546,0.07382952332805529,19.836147553561712,92.27738140625044,20.449921923164364,92.60917559975972
98,4,2,104,1,2,4,0.4921464213628857,1.046802156246659,73.30638280076877,104.91276227869852,73.20137153702613,104.4300435558581
99,4,3,78,1,1,12,117.94796734774421,0.17753383121916172,448.7710621165489,135.416729640787,448.73106175679027,135.69592443754786
100,4,4,8,1,1,4,0.5584078164703354,0.4640785953901198,199.8450010087599,220.2164041458076,200.0678781677395,220.0115032428263
101,4,4,76,1,1,5,0.4150892020518751,0.22955806442050883,269.77645567777296,191.4848516007706,270.36858937821586,191.24403783268855
102,4,4,85,1,1,31,1.067530455702544,0.45330362919873013,276.51117684809066,207.40830335222364,277.0625905790307,206.99244919485417
103,4,4,97,1,1,10,0.6048999985457973,0.22410598668074053,276.70140777058117,285.4069155825205,277.35981065550766,285.0155081780979
104,4,5,5,1,1,10,0.6941851389785991,0.33647278642164186,52.54276784806203,225.32642587490454,53.17429531818091,225.00648912536542
105,4,5,8,1,1,7,0.641428549504391,0.3278710497093838,55.934597845680656,241.1142031690843,56.16680318291846,240.9347177912408
106,4,5,8,1,1,12,0.8698678166433882,0.6820715318448336,56.16680318291845,240.93471779124076,56.013786403096816,240.48791168109236
107,4,5,8,1,1,8,0.7960421443104853,0.3859446325751032,56.01378640309682,240.48791168109236,56.54802667240932,240.31039451188576
108,4,5,24,1,1,7,0.5861708360707254,0.8111771825127362,85.4704845396939,312.55416015533507,85.21116024655981,311.4464202282652
109,4,5,24,1,2,12,0.7870931318967593,1.2707250878769882,85.21116024655981,311.4464202282652,85.05258858166239,312.603846894831
110,4,5,131,1,2,8,0.7709128122790382,2.996907500884465,107.61819714739852,289.37913028867376,110.12724832093542,287.35062195639455
111,4,6,42,1,2,7,0.340115345833921,1.3006466019924154,367.8320602927154,321.7989548159225,367.3582160144988,322.9824841164504
112,4,6,54,1,2,5,0.5378957865063339,2.437668728319216,420.84565722460064,267.8208251130463,418.9515437005428,267.82306861801857
113,4,6,54,1,2,4,0.46535740566282197,1.1195302357439856,418.95154370054274,267.82306861801857,418.01244064483683,268.0942279477064
114,4,6,56,1,2,15,75.40422319480452,1.3983518893463331,429.61169917540565,357.5721589181552,430.67795525748136,358.0060510694408
115,4,6,56,1,1,8,141.00319399252427,0.10337686841852653,430.6779552574813,358.00605106944073,430.2996016916095,357.881360024106
116,4,6,65,1,2,6,0.7139004628185174,1.7974592544941719,399.41160299627506,318.18738500463326,398.26731851670166,317.84927677708964
117,4,7,7,1,1,6,1.045496169381153,0.9353214100363789,361.95075969627726,391.9761918095342,362.25151044255153,391.523411625458
118,4,7,7,1,2,24,0.9127853440463642,6.5665537192118215,362.40334223883326,391.8855085068258,360.51930279060235,386.02756243977984
119,4,7,57,1,2,9,0.6152864559014405,2.3172022410442534,245.0927935382456,349.0302425080517,244.70088622308563,351.36570284188866
120,4,7,67,1,1,4,0.102132776351715,0.645910504824433,306.7434703982842,333.02206328237196,307.4179516137386,333.5375041914095
121,4,7,108,1,2,8,0.4667078617779089,1.0705507896613433,300.3868497066162,368.0258954881451,284.7799174387205,349.4269845229066
122,5,2,1,1,1,6,0.9216094807282298,0.8055450832333895,202.2066680423199,166.3542033562731,200.87634544744733,166.72650663906512
123,5,2,37,1,2,4,1.2942246617310036,4.925062241599556,148.33087678119927,141.8764216182652,145.61550508695177,146.64856750935184
124,5,4,56,1,2,5,0.6519252906777073,2.4029929692861907,257.81672130979905,284.3398115416409,259.04272721595237,286.5936696022755
125,5,4,56,1,1,6,0.6495284551117871,0.2666744540589266,259.04272721595237,286.59366960227544,258.6569025049199,286.34761801008904
126,5,4,56,1,2,10,0.6982351614488751,1.7573578295005052,258.6569025049199,286.34761801008904,259.9856539670599,288.1208107648829
127,5,4,103,1,2,7,0.649005411750243,1.1031084631770893,341.53537604282775,319.3796712034125,342.41158649195097,319.2941672196292
128,5,5,17,1,1,4,0.9096807516168646,0.7454593935461121,381.7611323589503,246.07494786096103,381.84039997047114,246.66056514648665
129,5,5,63,1,1,6,0.6981186947991267,0.5627837993526128,383.70086909342484,252.1046888101561,384.2460845385436,251.70723580168692
130,5,5,92,1,1,4,0.41073956909528475,0.6752226500023235,397.5146118062867,239.60926448142368,397.6499851836967,239.67974685281433
131,6,1,9,1,1,6,0.5655352828487096,0.0717400112128445,259.45145030409117,96.02269455769009,258.97957724547945,95.85599337747087
132,6,3,13,1,2,7,0.622912461779124,2.1682691664010845,251.64347842753696,219.7006391159069,254.09545753990352,220.66130331126305
133,6,4,16,1,1,4,0.48224172320689634,0.9748167378525477,397.9299613696127,256.11414919965125,398.31578541321284,256.6133126430295
134,6,4,36,1,2,9,0.672523152293656,1.8482611788357852,406.4429062805022,306.7124054951219,406.6742316210682,304.7323096112257
135,6,4,39,1,1,4,0.47843546319709845,0.3209737308341152,432.4412423961332,241.04918375956473,432.56062504274274,240.92515006806923
136,6,5,15,1,1,8,0.6100480802217311,0.31633366498553733,102.60757040551701,335.53439168768335,102.73329489046428,335.82776586793017
137,6,5,15,1,2,4,0.4015428747044205,1.1596708765607997,102.7332948904643,335.82776586793017,102.35245270180218,336.091998821375
138,6,5,15,1,1,12,0.4979960744091076,0.9019131666158471,102.35245270180218,336.091998821375,103.47935720645098,335.70485077851674
139,6,5,15,1,1,5,0.48434207035881566,0.23441314428239812,102.68696846547853,335.320878799796,103.21864058254711,336.04992318891186
140,6,5,18,1,2,5,0.7521757835992571,1.4334644711712534,65.92583381018248,277.6791434437671,66.9126679246628,279.42605776447056
141,6,5,59,1,1,10,29.89220242712553,0.9772591707020576,18.149406523326682,292.8832285853486,18.188615743289336,291.0030766784972
142,6,5,60,1,2,5,0.4857539968526178,2.927041503071149,116.68770199530866,293.7758382810543,118.26000994339546,294.53607380686566
143,6,5,60,1,2,14,0.5444481904312823,1.682382204161873,118.26000994339546,294.5360738068657,118.80314688102327,293.39795878808917
144,7,1,31,1,2,16,29.285827736667557,27.196579184690968,201.37859814215162,13.886335210513007,213.4568866241773,40.08535493525785
145,7,1,31,1,2,13,0.9332260008029194,7.744888334126616,213.45688662417732,40.08535493525785,218.7174327786656,33.985636206440496
146,7,1,31,1,1,4,0.6636411550140633,0.4622223461187673,218.71743277866554,33.985636206440496,218.610569501222,33.929463017879584
147,7,1,109,1,1,4,1.063120013147701,0.2568903582344748,208.57642606520008,18.640062260944834,208.97426271156462,18.272684254470967
148,7,1,120,1,2,4,0.618276778883855,1.2849828455678032,263.4323020734572,107.4762082115366,262.8424823576706,108.5653705562652
149,7,1,120,1,1,4,0.5197703096841978,0.8634023072416728,262.8424823576706,108.5653705562652,263.106774835806,108.0539072740922
150,7,1,125,1,1,4,0.6257285800218153,0.75453191716382,211.62056705990273,79.69920109278223,211.55040726370092,78.72734115076052
151,7,1,125,1,2,17,0.6519275933027017,1.3692804591743315,211.55040726370092,78.72734115076054,211.10676972767902,80.32870785001053
152,7,1,152,1,1,5,0.9907362964844808,0.3100610731696514,218.01566033667797,82.6716096868373,218.65217499607033,82.18032086458697
153,7,1,156,1,2,6,0.7995857652845851,1.813256109880155,177.4876390618174,88.18364677475756,177.87436653283433,86.38863045217397
154,7,1,162,1,1,4,1.0637094544829664,0.544241717489267,208.07381434939612,76.30422758850422,208.3676573790081,75.74933062610786
155,7,2,87,1,2,4,0.370910370689279,1.5091096354833136,459.3239850471809,148.04422577788978,459.06038582706475,146.93760336302557
156,7,2,98,1,1,7,0.6457524019814987,0.5452944181157483,486.18279759690637,100.90858460226687,485.9858020384072,101.40407519549244
157,7,2,98,1,1,4,0.2820639032546481,0.4646607253956456,485.9858020384072,101.40407519549244,485.99533943220547,100.32308180251866
158,7,2,98,1,2,7,0.6234793995742088,1.5084253481702667,485.99533943220547,100.32308180251866,486.73686640419237,99.49576580323331
159,7,2,98,1,2,8,0.6815075917427056,1.7196208353694247,486.73686640419237,99.49576580323334,486.02402814129755,98.74457040192789
160,7,2,98,1,1,4,0.6103907161046368,0.8328031780057595,486.0240281412975,98.74457040192787,485.8456900533719,98.45644688074582
161,7,2,103,1,2,13,0.5633827779826475,2.224432416891487,501.32210658475583,104.29157614899975,500.5341364244804,102.60231068818834
162,7,2,124,1,2,18,2.1273721030515964,8.93923605648448,496.92857033626234,81.48502076614487,487.85801183075773,80.87733535961449
163,7,2,124,1,2,4,0.25320546496795787,1.9753511358702671,487.85801183075785,80.87733535961449,486.4254159977585,80.96199770263995
164,7,2,156,1,2,10,0.7327262204246947,1.679789183566081,376.5588457289195,111.79251134115944,378.3703839751009,111.90331615073694
165,7,3,6,1,1,4,0.4051401719979348,0.16240976046121378,233.14916434047444,194.48186021500618,216.36586188770693,180.38702461893595
166,7,3,6,1,1,4,152.55798861885484,0.601593747084944,216.36586188770698,180.38702461893595,233.5625472748403,193.81111568859046
167,7,3,6,1,1,5,0.5941141039181862,0.8171002749363203,233.56254727484028,193.81111568859046,233.37307399326727,194.3975143200312
168,7,3,7,1,2,23,60.96957037080354,1.7350224183294145,240.6336769835809,181.80030166733548,275.53444251434354,209.23665749732672
169,7,3,7,1,1,4,0.9218435897253656,0.20202825164879493,275.53444251434354,209.23665749732675,275.3684551125469,208.58661935267853
170,7,3,12,1,1,4,191.6005343672432,0.6977334620216963,261.630768349705,280.6558940098478,260.7830395918434,280.4703302068052
171,7,3,88,1,2,11,1.6439932748952935,5.956383276423911,276.41446906600123,291.04850270785147,279.82676042281855,285.65735497385646
172,7,3,123,1,2,20,0.8779105555225961,4.576983807614109,251.40430469619213,236.86570134920558,246.53436082148912,240.33552399641582
173,7,3,123,1,2,4,0.43319338262186385,2.4400349183769268,246.53436082148912,240.33552399641582,248.80138993679827,242.51847613574935
174,7,4,137,1,2,10,0.5322038259544525,1.5697533635679362,159.56233968518205,274.3317680563156,157.46311866529436,273.95044076399864
175,7,4,137,1,1,5,0.4685174458823379,0.32057491800552673,157.46311866529436,273.9504407639987,157.51645344458777,272.9022878477778
176,7,4,144,1,1,5,0.3798991426682087,0.42724887881807516,154.42846768768356,217.31725700048253,154.9485394525252,217.2478851369989
177,7,4,144,1,1,4,0.7388829678082998,0.6702361511847899,154.9485394525252,217.24788513699886,154.7402698385336,217.11731663632628
178,7,4,169,1,2,6,0.575127164741835,1.0525767407185145,101.99581023533247,289.8686831594079,102.54218639993611,290.27120040348996
179,7,4,183,1,2,5,0.6322368908229417,1.0880499413310798,105.46428129351612,249.06026776169435,104.71079252736878,248.22650186024535
180,7,5,14,1,1,6,165.48808887869927,0.7729610783330928,346.8911973661502,267.8109667562861,325.15820642759127,251.38014088549457
181,7,5,14,1,1,5,198.26762617688624,0.32271715305746895,325.15820642759127,251.38014088549457,375.4255661721511,290.15875407937096
182,7,5,17,1,2,20,50.126280612468,9.557726551028713,420.2479483374578,249.94814018941506,412.67167001651313,244.77476871858426
183,7,5,31,1,1,11,0.67400269517037,0.43248517247077267,431.99338578032075,329.29495818252644,388.65582525392836,296.11597490286715
184,7,5,44,1,1,9,0.8505347981876983,0.38130598026122864,423.28382002625324,331.1130494143718,408.30063713631415,319.62773464709386
185,7,5,44,1,1,5,0.6587978894861084,0.257835382759461,408.30063713631415,319.62773464709386,423.8347865625688,331.2201636386741
186,7,5,64,1,1,14,0.6383891582636272,0.6498778063145444,432.9206059908389,348.294837325768,432.96251317888016,348.5939419824877
187,7,5,64,1,2,20,167.99439113164766,1.179248804558645,432.9625131788802,348.5939419824876,402.55207544417726,324.12395195604364
188,7,5,100,1,1,7,0.599820290366431,0.5430572666816563,390.5942384946776,298.8080246723941,390.2338944526816,298.82300355678063
189,7,5,102,1,2,10,0.820656852942123,2.4899108500029654,445.4307426536214,305.6860048577166,445.7859343446968,308.46326348602213
190,7,5,106,1,1,8,0.8566152741148549,0.13374957111316862,414.41089761951906,325.8664307771203,415.07636082261047,325.7236793626763
191,7,5,106,1,1,9,0.5762127551303668,0.5444572233613577,415.07636082261047,325.7236793626763,415.5798030971765,326.9107763025632
192,7,5,109,1,2,22,0.7736725101640297,1.1217671691746787,419.4106055383267,355.33608653707347,420.13809879524604,356.21980330878216
193,7,5,109,1,2,8,1.7717153166927977,9.80270433967641,420.13809879524604,356.21980330878216,411.19947566722567,352.4002773362588
194,7,5,109,1,1,24,0.6827048403298385,0.6987886248879811,411.19947566722567,352.4002773362588,411.53995743704667,352.7276057672642
195,7,5,170,1,2,5,0.4416841807958594,1.034932846356153,390.92594278355136,295.17684961326876,391.47807316965765,294.7930799370831
196,8,1,54,1,1,12,0.8321241460969954,0.24182391952666932,271.66128168587454,148.35142723854,271.4535198369183,148.5861454493473
197,8,1,54,1,1,4,0.6267826620392947,0.3863330052087474,271.45351983691825,148.5861454493473,271.461647363799,148.97687451844368
198,8,1,101,1,2,8,0.7020618560436738,1.2212445302748425,279.74092164188136,158.7404425466256,280.2397602577073,159.54343635504057
199,8,1,104,1,1,4,144.078502637658,0.23822204299132557,241.99469116928202,153.7716822805428,242.00100247696957,153.70359893917396
200,8,2,4,1,2,8,0.7345914966002763,1.2118228405683051,486.60946747855814,234.05528626638161,486.77932939650947,235.09809525004033
201,8,2,8,1,1,10,0.67216282311665,0.887937145291085,421.2603036338158,167.12725946824307,434.9009438970161,172.681520505475
202,8,2,8,1,2,4,0.5145552345260853,1.1588798740945978,434.900943897016,172.68152050547496,435.061011854605,174.10701186706171
203,8,2,30,1,2,15,0.9248050822504712,1.508460338330642,419.9659510722463,233.7323501936296,418.47977859932945,233.80704318187685
204,8,2,30,1,2,21,1.0628579869932364,2.02623515570077,418.47977859932945,233.80704318187682,417.042251366267,232.95728402490846
205,8,2,33,1,2,28,1.3649687155629675,8.516717528855162,468.25718197718226,258.36754292141933,463.4766771186285,250.79965651269663
206,8,2,50,1,1,8,0.4665001233118329,0.9220439239921107,478.9140451661625,231.35054356910965,478.4113002841033,233.76025331394098
207,8,2,50,1,2,13,123.62306763907496,1.7719299276653515,478.4113002841033,233.76025331394098,477.81851494733274,232.2793668669216
208,8,2,50,1,1,7,76.55075626608622,0.2225728098512287,477.81851494733274,232.2793668669216,478.28729469361247,231.93900103468494
209,8,2,50,1,1,6,178.29250283297233,0.4206731665057602,478.2872946936126,231.93900103468496,478.74636042178315,232.1305025854886
210,8,2,63,1,1,4,0.6570069360635901,0.5231477766486906,441.9690192920446,286.36790773848367,441.55053922797106,286.3538977522082
211,8,2,63,1,1,8,0.39437695043461185,0.7310254723880958,441.55053922797106,286.3538977522082,441.0843270299614,286.9838718167545
212,8,2,84,1,2,5,0.823124049353227,1.0253362793585428,463.94466836377336,250.20595004814533,464.0706674972659,249.3875662803686
213,8,2,84,1,1,9,0.5638607984114266,0.27662379647233387,464.0706674972659,249.3875662803686,463.57447120062284,249.72904668061494
214,8,2,84,1,2,5,0.5483453568961032,1.0555821516356316,463.57447120062284,249.7290466806149,464.346338707225,249.758513161818
215,8,3,14,1,1,4,0.38952054275603604,0.3014201319841884,57.436179086991125,250.1149540511996,57.63130538670917,249.49696180846516
216,8,3,23,1,1,6,0.5601069238165824,0.10885541483416063,42.24839789195574,285.078553403793,42.54070170732805,285.0375200920566
217,8,3,23,1,1,12,0.5403542878702035,0.6231059666660376,42.330065051312914,285.62500954251374,42.46149766075347,285.7175501068822
218,8,3,23,1,2,31,0.6079375715050502,2.4712735211561094,42.461497660753466,285.71755010688213,42.49313427643969,284.0468635757128
219,8,3,44,1,2,14,0.7357917993637806,2.202708297065354,51.68341936930075,296.9902170584211,52.63460341098373,295.38039770270655
220,8,3,53,1,1,6,0.5516658778029432,0.9228232304942673,53.50717278598448,268.2699940833373,54.08707483790205,268.9152397654938
221,8,4,80,1,2,10,91.8329727716392,1.0998384988625551,283.47444462840866,356.8618428351907,282.8244755690566,356.67258012827
222,8,4,93,1,1,12,0.7349387457414626,0.7950341039145651,301.52488750148854,305.42799397172536,301.4717248733507,306.0246535886014
