0,1.0,228.29984959244052,50.19823408892839,95890.0
0,3.0,229.41582716832372,49.70911422067427,97754.0
0,4.0,231.41905580356038,52.97703715994863,96406.0
0,0.0,226.30654149138644,54.311392374257345,99755.0
0,2.0,228.98433661885355,49.23368431871259,96886.0
1,2.0,197.185654965994,62.911987108057644,94326.0
1,1.0,202.49109449695416,60.09177533168728,94767.0
1,5.0,209.72141586494416,56.02467805381578,95266.0
1,0.0,201.51356748251317,58.08161004186709,97546.0
1,4.0,201.0119635632923,57.66444266481969,94149.0
4,10.0,262.138369684307,89.9607725408667,93233.0
4,1.0,273.38048520802363,95.74593525508624,97267.0
4,11.0,262.47122151845304,93.05850398951782,93089.0
4,3.0,275.78082033441984,97.96580852500715,101950.0
4,5.0,268.2656955383643,94.04846134233648,95848.0
4,9.0,264.6370184814989,91.05418658067225,95646.0
4,4.0,273.1239175983764,93.78314130905835,97103.0
4,0.0,276.16239044079975,100.33194716123856,98320.0
4,2.0,277.9446291401466,94.12844154538419,100994.0
4,12.0,257.1402446452725,92.39221155806244,91166.0
4,6.0,267.59047844463004,95.4582466731588,96385.0
4,7.0,269.1830269881675,94.33415511767288,98803.0
4,8.0,265.3857046762077,92.49987570713525,94528.0
6,10.0,225.58860146068864,55.673407663445886,96861.0
6,11.0,225.92084979866183,55.00438698585214,95514.0
6,14.0,225.58151790544719,55.66419930737723,96492.0
6,18.0,225.18882030936734,53.7561387773483,93884.0
6,3.0,225.36515009643017,55.468549605303025,96198.0
6,5.0,225.2731294283661,54.963731872554966,96635.0
6,17.0,224.81231067250692,53.92355166667474,95616.0
6,9.0,224.87001414209652,55.237867715877606,96579.0
6,4.0,225.83395667748428,55.71599545513328,95613.0
6,2.0,225.33649027743232,55.66040246434377,96318.0
6,19.0,225.0142871144115,54.17489881823652,94753.0
6,12.0,224.59691801518215,55.50070961077129,95766.0
6,21.0,224.3844640020185,53.91982552443489,94562.0
6,6.0,224.24825926773408,55.0777702453899,96818.0
6,8.0,224.953933444662,55.40836592254861,95712.0
6,22.0,225.71403565288784,54.6328616706047,96546.0
6,7.0,226.56791042776302,54.42504134657474,97905.0
6,16.0,224.38743830347454,56.38544909113201,94718.0
6,13.0,225.22709662685858,54.86682536765215,94958.0
6,15.0,225.074336429833,54.55754335731082,95743.0
6,20.0,223.44961359488997,54.00658688264508,93253.0
7,3.0,225.89485618089648,17.442167308700714,95487.0
7,6.0,216.45057852227808,24.315212320790007,93524.0
7,7.0,216.479307359285,26.14492656042972,94722.0
7,4.0,223.7752208650028,17.243878272322195,93574.0
7,2.0,223.51872507300337,17.355347499727447,95684.0
9,3.0,302.22647872536436,11.619023910552258,94068.0
9,4.0,303.0785306405248,13.042398152332487,93703.0
9,0.0,302.5469622647661,11.111621765820471,95783.0
9,1.0,302.12376941422974,12.200129741808544,92491.0
12,10.0,276.74148484036647,90.92483865599455,94623.0
12,11.0,277.3007644416822,90.626190798048,94770.0
12,14.0,283.30746989530945,99.33838618640591,90666.0
12,18.0,268.55289312522626,110.53698384840835,92406.0
12,5.0,276.37679744600734,88.59095064126258,94700.0
12,17.0,269.3147409442925,106.89101396776101,89705.0
12,4.0,274.7410994985485,83.00018131564828,93906.0
12,9.0,275.5212846120412,92.79019277915256,94239.0
12,12.0,276.9498927401621,86.96444656904103,94483.0
12,6.0,277.2093467986881,92.05664743612265,95630.0
12,16.0,277.65495023551256,103.46797307393852,90700.0
12,7.0,279.9646683888481,97.32163772146728,92814.0
12,8.0,279.7513293244323,92.1346705650741,95762.0
12,13.0,281.64430909283163,96.26997388956916,92912.0
14,13.0,245.7926678182413,106.13239312812374,92068.0
14,15.0,249.37027349055208,103.94306261477495,95810.0
14,19.0,249.8294236923874,100.82429323091814,93800.0
14,18.0,248.12878194118832,101.04005714231556,93056.0
14,14.0,248.01630186025005,105.98892192415138,95894.0
14,11.0,246.0706108755698,102.26976669811174,93735.0
14,10.0,249.84180031489606,103.33583467307088,94925.0
14,12.0,245.6710717766506,105.825082854607,96658.0
14,16.0,256.3479390192332,103.27338092082373,94191.0
14,7.0,246.57310528790165,101.10333278732806,96985.0
14,8.0,250.83577404368262,105.20199157119899,94531.0
15,8.0,259.4847702530481,107.96750599355238,97897.0
15,7.0,259.2933338317349,104.96400154030232,97022.0
15,13.0,262.2134648613833,106.66911919560397,93871.0
15,9.0,262.20222402808747,108.86667351766009,95822.0
15,14.0,261.1639699904624,104.45793182035798,93582.0
15,10.0,264.86903823192785,107.86770431117608,90718.0
15,12.0,261.91225763656706,110.04752845910026,99583.0
15,6.0,264.15658841208017,104.16374735738012,95917.0
17,20.0,252.54973606835975,70.84414268689109,91528.0
17,10.0,253.87169838688524,68.04928109194864,93595.0
17,14.0,254.1959575160362,72.40683880886942,93684.0
17,11.0,252.6829436847453,70.56476314417866,92336.0
17,17.0,252.51141672324047,71.21609440202545,91486.0
17,9.0,251.47038224608272,68.50236102697401,94314.0
17,19.0,250.99335150162378,70.15016581029485,92560.0
17,12.0,252.0750593074261,71.06188753450986,92080.0
17,21.0,253.04135790344029,68.31005573625397,94754.0
17,22.0,253.92216047966673,68.97202409105203,92290.0
17,16.0,251.7904861470715,68.36047883142177,94416.0
17,7.0,253.19077254699926,73.23414561452242,94922.0
17,8.0,253.9749445801469,72.30875754975314,93917.0
17,13.0,252.6871885850321,71.64067838471068,91716.0
21,18.0,237.44573396162218,19.788317117366912,92629.0
21,23.0,248.03420977688447,26.47874488607977,92689.0
21,22.0,243.8797041744561,25.821701156131052,92412.0
21,20.0,243.8023516766257,24.674991961209138,91417.0
21,19.0,239.5557232133511,23.549029065113082,93338.0
23,28.0,251.7829320186065,63.05778080262619,93674.0
23,43.0,251.61343528433824,64.26510240284513,91994.0
23,36.0,251.56132625753156,64.49305195616276,93821.0
23,30.0,252.6496072964454,64.60246791890415,92794.0
23,26.0,252.06643300903212,66.73292723798609,93480.0
23,35.0,250.76991997146453,64.22554844669264,93463.0
23,41.0,252.12580290000705,64.16160658452114,92036.0
23,31.0,252.29445694679046,63.59528629991577,93197.0
23,29.0,252.09347725469664,64.130041409025,94623.0
23,46.0,251.51515432327363,63.973231327963845,90863.0
23,38.0,251.32155185920178,64.20043937524282,93156.0
23,27.0,251.74307751615547,64.46977535215052,92055.0
23,47.0,251.17117701211376,63.679768909676824,89986.0
23,40.0,252.13518416822842,64.45272756305553,93086.0
23,32.0,251.55919029505426,64.72875842205717,93392.0
23,45.0,252.036058713554,64.13743694104106,91438.0
23,42.0,252.61743944504641,64.71099506353524,90438.0
23,33.0,252.52688131348862,65.01283055343244,93214.0
23,48.0,251.2059581150144,63.20704950794072,91821.0
23,39.0,250.9582825079768,64.27519864438669,91757.0
23,25.0,254.0751265521972,65.70462974799634,93533.0
23,34.0,250.97524562897564,64.1156077706414,94852.0
23,37.0,251.2928892266055,64.19289710470008,92576.0
23,44.0,251.50507585755497,64.60381386102473,92315.0
24,37.0,272.5167363948332,86.74957336636841,92246.0
24,28.0,273.0422575190425,87.19242512507192,93075.0
24,36.0,272.50158242236995,84.98681856554687,91588.0
24,30.0,274.28479931672075,86.40975935723715,93046.0
24,26.0,273.71175006829304,86.81805982034484,93974.0
24,35.0,273.7723296617158,87.98887099984033,90811.0
24,41.0,273.957149441091,86.3594113726128,91737.0
24,29.0,273.40429943793714,86.46764868802721,93397.0
24,38.0,273.2018453888193,85.96672116032941,92715.0
24,27.0,271.4379414203677,87.39331169655256,93336.0
24,40.0,274.4972265845466,87.07311209412178,90716.0
24,32.0,272.41740561047646,86.05832573222321,92715.0
24,33.0,272.29805749419097,85.88579730310778,92987.0
24,39.0,272.9408434371428,85.74677068573081,93517.0
24,34.0,272.66344252628613,85.74999733789724,93062.0
26,37.0,240.913898085618,100.07590296185903,91839.0
26,40.0,246.14927043659773,107.04337086047815,92029.0
26,32.0,238.48784060509564,103.27172450673214,92405.0
26,36.0,237.87614070887847,97.63613032078744,94254.0
26,33.0,236.15609180782457,99.26914927019392,94067.0
26,35.0,240.14636821096525,97.7053050141965,91523.0
26,31.0,241.2162022511523,106.8274029211771,91018.0
26,39.0,248.61393683567218,106.38913138314436,91924.0
26,34.0,239.32240832315364,98.90252443110437,92773.0
26,38.0,247.69502241374934,103.73702319884117,94161.0
29,47.0,300.34600345538945,75.69528618971074,90810.0
29,44.0,298.6971033304217,78.05137662927051,90713.0
29,40.0,292.81466348649,93.26202611963821,94348.0
29,45.0,296.49385831153796,76.73058892860786,91833.0
29,43.0,295.3701882223033,77.9602898573745,93175.0
29,42.0,291.29913974475625,84.17359705895137,90348.0
29,41.0,292.56325273172547,89.73389386405564,90239.0
29,48.0,301.28380220525463,71.7261737256777,94559.0
29,39.0,287.4255828110989,94.93504845376584,91706.0
29,46.0,298.46372230578714,76.17575425149279,90858.0
29,49.0,294.2432026521656,66.37220845583715,90610.0
29,38.0,287.36751861154676,94.04867745148135,90847.0
32,56.0,316.8736208851367,77.52422035515694,89559.0
32,53.0,311.2337489974376,73.81899753803131,93939.0
32,60.0,303.0186174877462,73.87721520752896,89641.0
32,54.0,311.46292380961506,75.49224231658386,91097.0
32,59.0,304.45892412924064,77.0221930583263,90363.0
32,55.0,312.3564987553227,75.49290180631206,90268.0
32,61.0,301.8623554885847,71.56332244218423,89610.0
32,57.0,313.8262206668438,74.4377021353546,91561.0
35,62.0,244.6362897901722,107.92159669663553,91181.0
35,64.0,245.76373405903772,101.70583682163506,89734.0
35,59.0,242.09488140684664,108.32748263513434,93030.0
35,58.0,242.51726000986304,109.49750066190101,92412.0
35,66.0,242.6415198718403,100.34039040848047,90747.0
35,61.0,242.93412371895153,108.65185620494842,91226.0
35,65.0,245.94786296912892,102.66669581835782,90695.0
37,69.0,310.45377224214803,103.175890464309,88227.0
37,68.0,307.15290681035214,100.7769776990249,88907.0
37,64.0,311.2836459791928,102.17141883228223,87653.0
37,70.0,311.5257432000332,100.00624486756101,89768.0
37,66.0,307.3731426123586,97.79244215342746,89464.0
37,65.0,310.2512754344073,95.93229543896754,90063.0
37,67.0,306.1150109697852,101.15803469415322,90838.0
42,99.0,299.3169678935032,58.2564446886502,89389.0
42,100.0,299.001826635191,58.16852371925577,88768.0
42,96.0,301.7600556485158,63.79234553745356,88679.0
42,97.0,301.52831092612877,58.11060050711652,91356.0
42,98.0,297.39939130725395,60.23964454428942,88753.0
46,116.0,224.88820405069166,28.107511493807987,88413.0
46,118.0,224.4910051623709,31.48243203211556,88392.0
46,120.0,227.5095616395961,23.557108873157574,88188.0
46,119.0,223.0154564351769,31.24469288857684,87065.0
46,121.0,225.7041023054609,20.139182697694814,88846.0
46,123.0,222.05487120622897,20.31062283645615,89830.0
46,122.0,223.13937901108204,18.955767764129096,88157.0
46,114.0,221.00304129615782,31.090232109676233,88727.0
46,115.0,222.92844149688,33.68449053252872,89416.0
47,139.0,248.00824014607025,98.68139634399147,87496.0
47,140.0,247.58913510676064,100.09959465816422,88132.0
47,136.0,250.17898806440166,92.31927920764889,89916.0
47,135.0,250.40557685680224,93.9476784189245,88060.0
47,138.0,252.9711577178928,95.33711785061897,89185.0
59,266.0,250.9333627665159,7.133365457608132,86605.0
59,268.0,247.76880398395636,3.784822307903873,86502.0
59,267.0,251.3781534859401,4.823277134090332,86971.0
59,272.0,249.51693585109678,10.037520164422215,87172.0
59,271.0,250.57465747584658,10.191222452295776,86583.0
59,269.0,248.0,0.0,86490.0
59,270.0,250.9115475150887,8.333483178482616,85891.0
61,283.0,240.17887606830627,83.22670177200119,86769.0
61,281.0,235.12422995840535,86.40273499490849,86756.0
61,280.0,231.11865985832708,85.48400110668511,89201.0
61,284.0,240.33705338461394,85.61166810664199,86645.0
62,295.0,276.0417902483823,94.82341222102588,86268.0
62,294.0,273.1676867088254,95.2495514626912,87128.0
62,296.0,277.7026110180241,93.56117299856999,88160.0
62,297.0,282.130773415608,90.40281457367234,88746.0
62,298.0,285.12799786142887,88.33434532477652,86719.0
62,299.0,289.378475006649,85.19833194552935,88538.0
63,306.0,307.5601010696896,77.02675832721627,88265.0
63,309.0,301.9532433165582,77.38907718272692,86489.0
63,307.0,304.5337003871135,77.85319607935709,86986.0
63,308.0,304.4793917148245,81.09684521050401,86880.0
63,310.0,301.0615629199628,78.71869172573852,88615.0
63,304.0,301.08442373975225,83.27104936624997,86858.0
63,302.0,294.5991392689582,81.01657269084637,87877.0
63,303.0,298.64395300559266,78.04577795764354,86370.0
63,305.0,305.60874356434397,81.89331852951179,86612.0
64,306.0,270.6809328911019,92.78582199830502,87625.0
64,309.0,271.7935072693338,95.29528297424136,86786.0
64,307.0,268.5059381339129,94.6946285729566,89551.0
64,308.0,270.36288331747033,95.50897084719078,88148.0
64,310.0,271.06942449028895,95.20811948697721,87067.0
64,311.0,269.8907323145595,97.16446993883618,89564.0
64,312.0,263.3884413669955,97.45762771694095,86713.0
64,313.0,262.4836599968697,103.4010670792469,88930.0
64,305.0,274.0839999144341,91.48907579011343,86160.0
66,325.0,291.4377185260523,40.872501528916374,87022.0
66,326.0,291.0367861608853,41.65656288223399,87094.0
66,324.0,294.91131869728747,41.2199091628632,86795.0
66,328.0,289.7431309361407,42.59657275307393,88525.0
66,327.0,287.0370367179014,43.707353572179066,88913.0
70,421.0,313.6335947929465,87.26406031192168,85258.0
70,420.0,315.2076785634608,85.10997663242743,85268.0
70,424.0,319.6250016139037,88.93129130281413,85356.0
70,423.0,318.88444754458413,86.69224723155499,84787.0
70,422.0,321.23151915013807,86.67025870747992,86056.0
71,448.0,293.5340668521194,64.48176328648061,85508.0
71,443.0,285.2953061079484,63.66313238663049,87172.0
71,446.0,290.16285383569885,64.06466136296406,86536.0
71,444.0,285.4578099555356,63.62969757746036,87012.0
71,447.0,290.08432125820497,64.54184633556147,86275.0
75,466.0,322.0065905625429,76.74990779178403,85652.0
75,468.0,323.3558363821892,77.15408470724964,87609.0
75,467.0,322.3670417369954,78.44096777392235,88017.0
75,469.0,323.3067258350686,76.90669545075176,86512.0
75,470.0,318.62713855929604,71.99001938891637,85634.0
77,497.0,319.89975134288954,57.37367228864849,86843.0
77,499.0,321.41105725678005,61.62086914897708,87852.0
77,492.0,317.8664039171053,49.48250139952839,85770.0
77,496.0,319.9852869909729,54.33496569792374,86724.0
77,493.0,318.731225418846,51.104300252131814,87854.0
77,495.0,320.6760907911654,55.86229720946612,87584.0
77,500.0,317.73136383476066,63.98934816761804,86282.0
77,498.0,320.4018839469914,59.68824634731552,86568.0
81,516.0,297.9286814892122,39.93345166272659,86842.0
81,519.0,299.9689064432417,46.51987448096868,89219.0
81,512.0,300.69285967827415,40.858200047237766,85634.0
81,513.0,301.56232844694216,40.47564580089829,87284.0
81,518.0,298.5947069356927,45.328272828195935,86228.0
81,514.0,302.8261384399506,41.16772494846805,85673.0
81,515.0,301.7164871596531,40.76092826670743,86846.0
81,517.0,297.890644361184,42.15779035754595,86742.0
83,524.0,298.9229527307273,49.686689877603186,86360.0
83,525.0,298.80223975669776,52.29848144189831,87162.0
83,526.0,298.84875868502945,55.75035558578309,88106.0
83,527.0,295.9106393319082,49.343087990053824,88020.0
83,528.0,299.67396060052374,45.285530299359124,87315.0
83,529.0,300.0454460607908,46.35354778018715,88711.0
83,530.0,299.7844811682998,49.41942330397207,88192.0
86,546.0,225.181953142953,69.07387850482897,85691.0
86,542.0,233.99843808262096,67.72076923812052,85117.0
86,547.0,228.31665873903796,65.80727979898079,85051.0
86,537.0,224.3535719492625,76.06570611131008,85545.0
86,543.0,229.49361480254905,70.302651893727,84925.0
86,548.0,229.1260689631722,70.72571933308349,85028.0
86,539.0,233.00867062499714,71.83264764269751,86188.0
86,545.0,227.4176105850873,69.85666647509885,85532.0
86,538.0,224.82852628681107,72.73298541402141,87458.0
86,541.0,236.0994274574776,63.980350926136936,86677.0
86,544.0,228.86569718051285,71.64273039907543,86183.0
89,555.0,241.74561768968601,6.544742286403447,85151.0
89,556.0,241.00502650841742,8.568365655635873,85008.0
89,557.0,240.5253515801291,8.234431969558834,86843.0
89,558.0,238.46015411530624,7.569283367700006,84593.0
89,559.0,241.8286289705731,10.58128369996367,85751.0
89,560.0,243.10842194618522,11.3235104639385,85762.0
93,562.0,294.3645453342872,88.82664140365611,87461.0
93,563.0,293.5561593251785,87.40343045230013,86808.0
93,565.0,295.4929897608339,88.40863335014173,87931.0
93,564.0,296.3610444536509,87.54142104382376,86182.0
93,568.0,292.8933763308169,86.00598618068179,87184.0
93,566.0,294.43374603464025,86.88602726671574,87756.0
93,569.0,294.04888180750226,85.24801028945016,88322.0
93,570.0,296.1163909977737,86.62731888656548,86213.0
101,682.0,218.78402967710915,89.76708560936812,87729.0
101,681.0,221.56537456942468,92.23031085769327,86099.0
101,680.0,221.713402869445,91.64899554237489,86586.0
101,683.0,221.48319992059888,94.53039939582123,86080.0
101,684.0,226.60214579462885,90.33646406741245,85150.0
101,685.0,229.64803222970835,94.48944702393578,85753.0
101,686.0,228.19374820788067,93.15829683384159,85895.0
101,687.0,227.39236257199644,92.59232979208883,86394.0
101,688.0,226.8164560437113,91.17553688417334,85312.0
101,689.0,224.27965307467355,88.83526773437768,86944.0
101,691.0,232.56577562490278,88.69311646513789,84743.0
101,690.0,228.51442663008996,90.67806652245987,87437.0
101,692.0,226.2075246867919,88.97583723943124,87413.0
101,693.0,230.63269042666698,88.85239544309638,87558.0
102,682.0,238.08924424335183,7.826405791762386,85492.0
102,681.0,235.9578485072946,11.682446451512236,85949.0
102,680.0,236.56119394841926,10.274900637183151,83708.0
102,684.0,241.0,0.0,82885.0
102,685.0,239.0,0.0,84367.0
103,688.0,241.0,0.0,86808.0
103,689.0,243.0,0.0,85853.0
103,690.0,243.0,0.0,87524.0
103,692.0,245.0,0.0,84984.0
103,693.0,245.2970420878068,1.9779559192394813,84366.0
104,698.0,220.84208992599812,89.5154832100809,85918.0
104,700.0,222.67212054339774,98.118634565859,84249.0
104,701.0,229.10835486067134,97.5079707667396,84418.0
104,702.0,232.80301345283178,97.31613778013677,84445.0
104,703.0,233.8917390993754,93.87350246481543,83718.0
104,697.0,222.03208278301778,90.14556964712351,86734.0
107,741.0,302.88209029093434,48.04502050229743,84797.0
107,742.0,303.71993347796786,46.67489212466435,83293.0
107,744.0,298.57047980389973,49.17877264419144,83622.0
107,745.0,297.1542743023204,50.71823249410063,84730.0
111,772.0,289.8865632179101,44.651271384506565,84464.0
111,773.0,290.40750903809345,42.61050172834043,83460.0
111,775.0,294.50817038823624,42.46944974577478,83111.0
111,776.0,295.9105117333217,46.39154459473274,82980.0
113,786.0,289.2756686854876,111.36870224974227,89965.0
113,787.0,286.982821054628,108.96040361265727,86782.0
113,788.0,291.1158473554072,106.34557426581672,85170.0
113,781.0,294.6234566046147,109.1937920361476,84627.0
113,779.0,298.1168868595862,109.0951070519946,84045.0
113,780.0,295.5097533794192,108.95690736643118,85470.0
113,783.0,291.19284803569894,111.52210672067518,85543.0
113,782.0,289.6256999535094,109.28345092235918,86185.0
113,785.0,289.4463517202162,109.34679496020165,89630.0
114,797.0,255.0801194997436,97.98512680859501,85643.0
114,790.0,255.8361287221478,92.28920217187908,85756.0
114,789.0,256.6722520671151,91.85753121760705,89591.0
114,791.0,256.9510768689447,91.69768368562639,89511.0
114,792.0,255.9909512541225,90.91881555729029,85419.0
114,793.0,254.97867692833,92.68842614045002,87093.0
114,795.0,258.8200189048878,95.20476077280976,87859.0
114,796.0,255.67474313014074,97.82859444463207,89211.0
115,792.0,285.7873071902014,106.8077448034641,86976.0
115,793.0,282.38643243195907,108.43569243241545,86238.0
115,794.0,279.06601167357843,105.72307714853746,86412.0
115,795.0,287.2145634233751,104.55929233975978,86581.0
115,799.0,284.1800562439961,109.2636688465984,88187.0
115,800.0,285.8400067394762,103.39727172280047,85983.0
115,797.0,283.08080412473385,105.70204532081166,88498.0
115,798.0,282.8054797878749,108.12973028269286,86605.0
115,801.0,289.46611949087804,108.91885180559032,87193.0
115,803.0,286.40816889390527,107.78667898207537,86726.0
115,804.0,284.0830567967045,109.70694589034079,86176.0
115,805.0,288.3561133733513,112.5990897266172,89308.0
115,806.0,289.6974705690025,111.75688937617163,88456.0
115,807.0,289.27963736765497,111.52599015532712,86682.0
115,809.0,291.5354793662852,112.55187643588918,86464.0
115,810.0,290.8140339201442,109.77310045526225,86548.0
115,812.0,295.0309512396517,109.60504166431544,84805.0
115,811.0,295.72583501586297,108.881449219318,87158.0
116,848.0,301.0735846191396,76.6824655422873,87694.0
116,847.0,297.16682537355473,75.54381482829076,85966.0
116,849.0,310.2981082657833,80.06270347656744,89379.0
116,851.0,313.25333835882856,74.85362057792598,85229.0
116,850.0,313.738047649864,75.68977079645842,91332.0
121,863.0,318.654593513914,92.21800329753609,84608.0
121,867.0,318.0045417530105,86.95142297504114,85495.0
121,864.0,319.1664238584042,93.18725291920761,86146.0
121,866.0,319.2905809900091,83.93310723922704,85946.0
121,865.0,319.50774005141784,90.33934932160491,86384.0
123,872.0,312.9218931646812,97.55414680238266,85762.0
123,874.0,305.18014842859765,97.15170550584202,85584.0
123,876.0,301.17664332899096,95.31421932989578,87496.0
123,875.0,299.79211177003236,91.77712119845131,84799.0
123,871.0,319.1656431281854,93.7221690281514,83981.0
123,873.0,310.0994162774423,95.41525462048506,86227.0
124,882.0,249.16899752897052,5.299188490053625,87224.0
124,874.0,234.09930435009161,5.864008774129444,84745.0
124,883.0,250.0,0.0,83338.0
124,876.0,233.891344734401,7.5038679930084715,84299.0
124,875.0,234.19371637102418,6.339051824885873,84462.0
124,878.0,241.15255891168712,4.249965090332077,85367.0
124,879.0,244.08141453080452,5.189758014433104,85879.0
124,873.0,234.32379298258786,8.106696700030355,84219.0
124,880.0,245.46670100354865,9.482671730772797,86012.0
124,872.0,233.4213511347627,7.883401098084081,86376.0
124,881.0,248.81191774460487,6.3397399075098475,86684.0
126,893.0,283.7423481582865,73.47423084038638,84618.0
126,894.0,283.73587083082555,72.28313582318896,84432.0
126,886.0,280.65565930029993,68.76688914553205,88383.0
126,890.0,282.0714948312197,70.22936322678149,86017.0
126,883.0,275.88688455186104,69.49864046468437,85334.0
126,887.0,280.878945990378,71.45832830756878,84629.0
126,885.0,280.17997083376804,69.69908668838434,87363.0
126,888.0,282.5176952288416,72.32728359521518,85338.0
126,889.0,282.432714745134,71.80328390326459,83382.0
126,884.0,277.8391559063481,71.58679446220947,84994.0
126,891.0,282.1913065566363,71.08241039036923,85003.0
128,915.0,278.0082705854425,90.5362013250695,87957.0
128,912.0,278.67553835459705,90.31317026269217,87307.0
128,914.0,278.55708743185824,90.18692841585286,86988.0
128,917.0,278.0066288014391,90.14106264999278,87998.0
128,916.0,278.4320966313186,90.41936031206885,86394.0
128,920.0,278.4760099422405,89.91168997813908,89570.0
128,918.0,278.54444774975997,89.77180852098404,88354.0
128,919.0,278.2254739520961,90.04943499328441,88489.0
128,921.0,277.9259773190271,90.14653958299733,88606.0
128,922.0,278.09602229070066,89.48048742096965,88793.0
128,923.0,278.1644994660341,89.45636509821286,86972.0
128,924.0,277.4146556318143,88.9129832613245,88273.0
128,926.0,277.4760084095024,89.22899456331868,83479.0
128,927.0,277.6662579836339,89.8942302449604,83691.0
128,925.0,277.50535231816554,89.34019804686491,88522.0
128,896.0,282.2386963617042,85.12803727164852,85372.0
128,897.0,282.49205107153665,85.77990740962365,88341.0
128,899.0,287.8134661744403,90.17299543068,84439.0
128,901.0,282.7331165834236,89.78299865783207,85693.0
128,898.0,282.25870914737806,86.85316291879826,85969.0
128,900.0,286.49024997789326,88.01435319217471,85512.0
128,902.0,278.1159874734692,88.89176124707022,84625.0
128,904.0,279.2394490585377,90.58787588950487,87441.0
128,905.0,278.7602918522164,90.1733393232169,87216.0
128,908.0,278.0932300678039,90.00207361762315,86339.0
128,906.0,278.17079900469014,89.80798876825546,84852.0
128,907.0,278.24436696230356,90.30362203828727,86832.0
128,911.0,278.7071502896163,89.7525309574276,87148.0
128,909.0,278.46773555050447,89.76571662325657,86092.0
128,910.0,278.66633749558997,90.48004196293053,85785.0
128,913.0,278.2519192750564,90.16372492545548,88918.0
130,905.0,286.139139014791,7.075223186394378,86848.0
130,908.0,285.5635224992145,7.400901801469878,88366.0
130,906.0,285.8623464542143,6.661203181028161,87606.0
130,907.0,286.07097294718994,6.191475189171354,87457.0
130,911.0,286.8626882801137,5.439116689518605,87004.0
130,909.0,287.74127500765314,7.732582215696505,85859.0
130,903.0,286.0,0.0,88232.0
130,910.0,289.8254053920165,8.08169326053772,85944.0
130,904.0,286.00341615387134,4.461679771664978,85965.0
132,921.0,289.4449298463548,91.36916727357674,87507.0
132,922.0,287.21822559377546,86.0548745652377,87534.0
132,923.0,287.3582986404235,86.00906130749647,86727.0
132,926.0,296.5402632249003,73.81315471474707,85787.0
132,920.0,292.12548591471204,95.50120907784044,86529.0
132,927.0,296.2824330962961,72.0189384027261,86344.0
132,925.0,289.9925866769818,80.52941038174636,85296.0
132,928.0,291.968302526102,77.39265154082996,83763.0
132,919.0,290.555225348458,94.98958420364681,86092.0
136,992.0,276.2576606334179,4.921295620518342,85470.0
136,988.0,276.75948825417424,7.489521253609466,85779.0
136,996.0,280.0,0.0,83705.0
136,997.0,282.33740470769726,5.777987440757053,85640.0
136,1000.0,275.53271818616105,7.741694423365868,86536.0
136,990.0,279.9244528363788,3.994967978864647,85471.0
136,999.0,274.8149732903429,6.546667642123183,84987.0
136,993.0,276.1495968996316,2.607702351223103,85901.0
136,1001.0,272.9504873381931,9.584025016008667,85944.0
136,991.0,277.8097621378839,4.096217516485628,85406.0
136,995.0,279.0,0.0,84026.0
136,987.0,280.9370902798795,6.896451783958574,85533.0
137,992.0,239.66989808194083,106.87232632243293,88070.0
137,996.0,238.64710405350812,106.77214936634337,88041.0
137,997.0,239.17272834604054,107.07445985035248,87157.0
137,990.0,239.31889357106277,106.61148169271775,89322.0
137,989.0,238.9738633695798,108.74685892922932,86455.0
137,993.0,239.39441204908746,106.87138313582355,86295.0
137,991.0,239.51209441009846,106.38997129438026,85873.0
137,995.0,239.05409766205466,106.74270525589047,86668.0
138,1005.0,239.49248098480788,106.17955085197993,85170.0
138,1006.0,239.77469616800147,106.53140117249423,87100.0
138,1000.0,240.03179998621485,107.7670056159987,86647.0
138,1002.0,239.81368797091554,106.78713803676564,86141.0
138,1001.0,240.06493048861233,106.54561097715033,85786.0
138,1003.0,240.07323428763206,108.01277423347209,85850.0
139,1005.0,305.99007369911516,97.76319474363164,85636.0
139,1025.0,306.28681905251534,103.41338504525922,83710.0
139,1006.0,308.39787609521466,101.51216898781558,84147.0
139,1007.0,308.9066290734709,101.99425058277976,83775.0
139,1026.0,306.70735236528077,101.1238415995729,84745.0
139,1010.0,310.18899148136967,102.17908694847378,84002.0
139,1008.0,309.9600545720656,101.2855522825674,86023.0
139,1011.0,309.1993130569342,102.60550104221988,86871.0
139,1009.0,310.311312639383,101.88540336511095,84918.0
139,1012.0,306.2585883213913,101.18633537024749,86421.0
139,1013.0,306.1142448792167,97.42189468818519,82911.0
139,1015.0,303.7515696855588,102.33662216548849,85829.0
139,1016.0,306.9707392649023,102.76925305219451,86389.0
139,1018.0,306.477838909223,100.96254440951249,85566.0
139,1017.0,306.2698229412709,102.38968100750016,87371.0
139,1019.0,305.3668243716995,99.74973950411743,84427.0
139,1020.0,301.9037536389148,97.80509209306524,86324.0
139,1004.0,311.7779771070749,97.92582704260087,85086.0
139,1021.0,302.61125708534854,99.89770682219975,85634.0
139,1022.0,304.83018489739754,97.90942635569408,85219.0
139,1024.0,306.47608062873866,103.4808378626416,85168.0
140,1012.0,238.50683885141274,105.65720511543155,86478.0
140,1013.0,237.89169037552043,105.89468548224029,86763.0
140,1015.0,238.97910145494964,106.57534955275919,86366.0
140,1016.0,240.1277614177209,108.75953915283873,84342.0
140,1010.0,240.22623318356793,107.8785750951287,87479.0
140,1018.0,240.29189834081447,107.37110934675084,87309.0
140,1017.0,240.8259726480207,108.59699906871329,84854.0
140,1011.0,239.04445718857332,104.49280692066168,87984.0
140,1009.0,240.65249505136524,106.57752411397766,86060.0
141,1035.0,274.3533770723687,97.52064890175298,87473.0
141,1027.0,290.37905791984076,112.92082755057238,83393.0
141,1029.0,292.68934177956237,110.73228541266265,89467.0
141,1028.0,291.18628510079145,111.6911851421176,89381.0
141,1030.0,288.36208256032114,109.96483483463663,86713.0
141,1033.0,281.57489479749864,99.92669188252566,87810.0
141,1032.0,282.77838757429225,104.06580621822631,87038.0
141,1034.0,278.87129357541585,97.24195915990845,84372.0
145,1055.0,293.8112906960055,104.0526958101077,86975.0
145,1052.0,296.7418049648902,106.83305207831314,84913.0
145,1051.0,296.8306216250684,108.66756392455262,84479.0
145,1058.0,290.3400522705656,107.81835276353237,85247.0
145,1057.0,292.22001007877344,108.66941920637605,86424.0
145,1060.0,293.0746372319273,110.005182774923,84358.0
145,1061.0,295.1007945949628,108.11813680580806,83315.0
145,1045.0,305.3512349071445,96.3086433084517,88359.0
145,1047.0,305.13729918773913,102.66699848069742,86256.0
145,1046.0,306.823637888052,96.66030482796863,86401.0
145,1048.0,304.851597327186,104.01072265276521,85905.0
145,1049.0,301.3504057280383,106.26556624517521,84469.0
145,1050.0,296.87080993382926,107.49404786757037,85609.0
145,1054.0,299.9021008492218,104.0345323891481,85442.0
145,1056.0,294.6013228382399,101.48465435021048,84663.0
151,1075.0,301.74672203796604,99.35628328844831,85092.0
151,1072.0,298.8409097118894,101.89579623460412,84473.0
151,1073.0,299.2721019402753,101.98824303392766,84536.0
151,1076.0,301.57904250150585,98.0574321171105,84151.0
151,1074.0,299.26093018093246,102.49173838534956,86743.0
152,1075.0,234.0308606057868,89.97869135893485,85295.0
152,1077.0,241.18170197446793,92.48805400850974,85123.0
152,1073.0,230.96712792503112,91.24938037548738,85364.0
152,1076.0,235.12516741134328,88.04993623687471,88164.0
152,1074.0,229.4917691165678,92.62803115402066,84483.0
153,1080.0,298.2501798612638,68.10662547882144,85850.0
153,1077.0,302.407514134781,68.50578843207956,85124.0
153,1081.0,293.4668843965788,67.77196426504922,84002.0
153,1079.0,298.6883888216996,70.59658841096633,86517.0
153,1078.0,302.96448488364234,67.9267267048876,86071.0
155,1110.0,284.5988488208876,93.29491219458103,84689.0
155,1112.0,286.5085900515918,94.90214040363774,84506.0
155,1115.0,285.8026456847975,95.40878394905207,83490.0
155,1111.0,285.4404130011931,96.83273509562743,83280.0
155,1114.0,287.56447072324187,97.26408145383553,84101.0
155,1116.0,283.68906118470574,98.20699101183709,83077.0
155,1117.0,281.32852766273317,95.70600028137372,84811.0
155,1118.0,278.76576105603027,96.75729507539174,84485.0
155,1105.0,286.1150899255397,85.77934762617018,83532.0
155,1107.0,283.6797973553164,90.72080385144834,84887.0
155,1106.0,284.61761157518794,84.92712162225199,83677.0
155,1109.0,284.96689413970057,93.54446275072159,83850.0
158,1132.0,228.10519038779967,88.2942259568471,84470.0
158,1135.0,226.30561017701385,94.68536147841186,86801.0
158,1133.0,231.3632376788994,90.61577093893703,84213.0
158,1123.0,226.16220335376752,83.75388525120509,82911.0
158,1134.0,230.7633952908418,95.00162455619075,84872.0
158,1136.0,226.214253914563,91.9548671631383,84456.0
158,1122.0,223.53200825067998,85.91504939234638,83128.0
158,1124.0,227.11193849331835,83.74473254502713,85079.0
158,1125.0,223.82192708434417,85.04963668672909,86925.0
158,1126.0,220.94758435194575,86.41269581430427,85274.0
158,1127.0,221.02993306568834,85.3114399655711,83641.0
158,1130.0,230.07335614469903,83.81855031165874,84710.0
158,1128.0,221.50309089524612,87.64911212025784,85178.0
158,1129.0,223.8663715882096,85.85686016857102,85371.0
158,1131.0,226.31229862871513,87.23520494121254,86647.0
163,1132.0,217.88035925904555,76.52764824813815,84083.0
163,1135.0,222.0186752550681,71.05109789774849,84110.0
163,1134.0,220.93910238220954,71.41972396900454,84860.0
163,1131.0,218.306057414028,79.12242277028507,84055.0
164,1140.0,224.56830900346526,69.16569553150127,83232.0
164,1141.0,227.0305841261887,67.42524745643456,83704.0
164,1139.0,223.4128942890518,72.09370923872066,82870.0
164,1143.0,229.84841326884606,71.21837709185566,84586.0
164,1145.0,228.7274795897006,73.54742249377071,83599.0
164,1144.0,227.4015336099415,70.97575546404106,83830.0
167,1146.0,232.44485045466328,99.06188595338463,86484.0
167,1148.0,228.98373519477013,94.24112651751496,85640.0
167,1149.0,230.5243058135552,93.57412229637067,84618.0
167,1152.0,230.66513536645041,93.09386289144531,87184.0
167,1150.0,231.70065126337528,93.71462792074745,84593.0
167,1153.0,233.3626074222769,94.40604269818526,83380.0
167,1151.0,233.38458773464896,95.7894026121566,84424.0
167,1154.0,235.73235047597439,96.94282332163296,84120.0
167,1145.0,232.00053160239534,105.12242142144706,84341.0
167,1147.0,229.17345910582787,92.20071517136324,88260.0
168,1171.0,238.6321583293224,97.94533215638893,84983.0
168,1170.0,236.5406872667164,96.89472797133052,85268.0
168,1172.0,238.494165555152,97.87989745369637,86242.0
168,1169.0,234.47722185730754,99.6257273560693,84075.0
168,1166.0,234.39133073340184,90.82783082570108,84085.0
168,1173.0,240.4730459380216,99.54134955456281,84254.0
168,1167.0,234.41959547356467,91.87140509634337,85256.0
168,1168.0,230.31760602156214,97.32366819021772,85281.0
171,1179.0,237.47258070275353,106.01106236824788,86035.0
171,1178.0,240.76674917024414,104.86570705788047,84163.0
171,1181.0,238.2860267274247,104.47386248066353,83817.0
171,1182.0,237.4146566073501,104.97686713507642,83958.0
171,1180.0,237.6887503120323,106.76551003988571,85723.0
171,1184.0,233.0959416986736,102.30102560772329,85144.0
171,1185.0,232.07269846117944,99.62078393373079,86113.0
171,1177.0,238.99951058525102,104.03116676655013,85530.0
172,1187.0,250.09576959311448,106.25528174923625,85834.0
172,1186.0,256.30397859512726,105.1308862659405,83898.0
172,1188.0,251.51404560871885,111.97903612316765,84778.0
172,1183.0,252.3564244628716,107.62662781910345,84686.0
172,1184.0,253.67625022457,111.2455909969163,86194.0
172,1185.0,252.8202504969908,111.07059524986461,87300.0
173,1186.0,224.22008564343065,49.491235931710484,83538.0
173,1188.0,225.5112108065742,48.67911661622914,84481.0
173,1189.0,224.7898654695633,46.206374657983815,82482.0
173,1184.0,219.08830166856853,53.33821415243151,82553.0
173,1185.0,220.96825385468895,51.226950313523744,83952.0
173,1187.0,224.06121537494013,49.10820024132704,82624.0
177,1206.0,244.47651059324298,104.45255719626323,83153.0
177,1210.0,249.53178081195767,102.10570951021315,83798.0
177,1208.0,247.6408383805649,105.77186428566544,84291.0
177,1207.0,245.62492132893814,106.43260098830741,84664.0
177,1211.0,253.67291036303027,96.16314841848875,85755.0
177,1212.0,257.10570955017374,93.14532477286348,85601.0
177,1202.0,230.6853212092867,104.23379058232534,83676.0
177,1203.0,239.66830699275746,101.62394840831791,84694.0
177,1204.0,238.56654054367866,102.7460450346072,85385.0
177,1209.0,248.5862042824728,104.77350698776581,85518.0
187,1423.0,227.4930443440076,63.15685285679653,86255.0
187,1424.0,228.36087495504304,64.14760612120114,84761.0
187,1425.0,228.6368398942075,63.35792769689646,84006.0
187,1427.0,227.7577863202205,63.06767647236877,81920.0
187,1426.0,228.25115714502445,63.351543865245404,85442.0
187,1342.0,227.11727017065778,62.62931774244452,84199.0
187,1343.0,227.60285009312543,61.49699208224813,84477.0
187,1345.0,227.52825823831367,62.16699653975585,84546.0
187,1344.0,227.49670350591222,62.1862165137439,86770.0
187,1346.0,227.72550899260594,62.50979214786089,84836.0
187,1348.0,228.05003921503794,62.680068581355854,84757.0
187,1350.0,227.69278145341855,63.36551631986941,83694.0
187,1349.0,227.87169951201238,63.233118287162334,85920.0
187,1351.0,227.63366947572283,63.08389978628357,83921.0
187,1353.0,227.98163513715926,63.39280978487012,84268.0
187,1352.0,229.1853330925353,63.79776413233365,83041.0
187,1347.0,227.45609464035653,63.71131543888295,84183.0
187,1354.0,228.0404096516098,63.17246412560378,83996.0
187,1356.0,227.9867819255659,63.623478468630786,84572.0
187,1355.0,227.6782616400309,63.630636666395176,83510.0
187,1357.0,227.86657313901912,63.96147241558372,84420.0
187,1358.0,227.65036273335852,63.92645710528234,83842.0
187,1359.0,227.13761793970167,63.83105813787694,85619.0
187,1360.0,227.46327677949432,64.36496746435382,84573.0
187,1362.0,227.13966088758812,63.37460416930734,84053.0
187,1361.0,227.90781276550442,63.19224950225738,84881.0
187,1363.0,227.20794077455872,64.04998970015954,84327.0
187,1365.0,227.32860934564167,64.3348321740779,83769.0
187,1367.0,227.48317963666443,63.75923260901494,83904.0
187,1366.0,227.4040266863844,63.810686158078305,84749.0
187,1368.0,227.90960414735363,63.436400983910474,85068.0
187,1364.0,226.96376891404097,64.25782267689344,84079.0
187,1372.0,227.60401171597212,64.34972690550116,84323.0
187,1369.0,228.1823097482821,63.608355092885105,85854.0
187,1370.0,228.1589029848593,64.06174543092679,83976.0
187,1373.0,228.05415276378613,64.36591365929321,84676.0
187,1371.0,228.07628710538683,63.20232878118441,86373.0
187,1374.0,227.59657822308455,64.01100077259505,83393.0
187,1376.0,228.2684360758793,63.44852727922666,84948.0
187,1375.0,227.7757118800052,63.794195382869496,84704.0
187,1378.0,229.01765868028312,64.70353031579425,86052.0
187,1377.0,228.85006010577575,64.10608579945183,85929.0
187,1379.0,229.04841927656284,63.95773507859908,84056.0
187,1381.0,228.60411231083174,63.96106223479615,86486.0
187,1380.0,228.89185222231555,63.68027755766272,85950.0
187,1382.0,228.7120933915276,63.420397502011035,84649.0
187,1383.0,228.51452412255435,63.681536499038586,85860.0
187,1385.0,227.36282378768826,64.42208125402676,83806.0
187,1384.0,227.84708582820977,63.88665116402843,84138.0
187,1386.0,227.27542332849941,64.24327705604615,85304.0
187,1387.0,226.66442104884624,63.50262154384381,84766.0
187,1388.0,227.8953746494827,64.73223291743138,85982.0
187,1390.0,228.3717470699629,64.5778584289906,84157.0
187,1389.0,228.55017920940054,63.99423759350686,86135.0
187,1391.0,227.87181273333846,64.44949736012589,84769.0
187,1393.0,228.29327033580802,64.74303766051968,84147.0
187,1394.0,228.15842348399735,64.57126917724884,84172.0
187,1395.0,228.40029902638884,64.06986194569565,84557.0
187,1392.0,228.71865697726696,64.34130247527172,84076.0
187,1396.0,228.79202911628914,64.72551253086755,85399.0
187,1397.0,228.52548773453654,64.03300188885781,86307.0
187,1398.0,228.78906775605748,65.34481582898883,85292.0
187,1399.0,228.88669265429826,64.11034313304472,83653.0
187,1401.0,228.0912446775426,64.16920258276782,86295.0
187,1400.0,227.68214921102958,64.13586905371739,85301.0
187,1402.0,228.15403840404386,64.14184942636628,85401.0
187,1403.0,227.44871549406443,64.09287906120531,84135.0
187,1404.0,227.47781500779186,64.41930410184202,83855.0
187,1406.0,228.0794041338718,64.45920920545296,85326.0
187,1407.0,228.04341645508538,65.03516186810363,86290.0
187,1405.0,227.5397123524793,64.29134082936199,85091.0
187,1409.0,227.48889154024434,64.81797946345941,87210.0
187,1408.0,228.17756983828224,64.71528639535134,84483.0
187,1410.0,227.5697380200237,64.36092963285996,86304.0
187,1411.0,227.34559457311187,64.26432195458645,83340.0
187,1413.0,227.89206018117673,64.30930021281371,86611.0
187,1412.0,227.89545449110835,64.71983465535669,85229.0
187,1414.0,227.74445556765104,64.90665733294176,86822.0
187,1415.0,227.44611940523907,64.74388711226176,86275.0
187,1416.0,227.41094596081578,64.52492176981633,86180.0
187,1417.0,227.77126943025385,64.34106637514358,85594.0
187,1418.0,227.54651882338658,64.09107325063691,85090.0
187,1419.0,227.79696930096347,64.1442458549763,85887.0
187,1421.0,227.35498237753455,63.545648554710866,84101.0
187,1422.0,227.50026629807155,63.098981834359556,84449.0
187,1420.0,227.3904914743534,63.57772681582371,84437.0
188,1369.0,227.1226933933005,98.7250085241603,85960.0
188,1370.0,225.07520163362656,100.26879505479184,85214.0
188,1371.0,230.02053898715823,95.78121259843397,83981.0
188,1367.0,233.86545202519713,104.11212232485113,81992.0
188,1366.0,231.80910373649306,104.54437432058361,83907.0
188,1368.0,232.19220440009084,96.66473646595973,83157.0
191,1404.0,261.7761615556099,59.09727324422391,83346.0
191,1413.0,261.9255945868822,63.909209293934865,83896.0
191,1412.0,262.3222356255838,64.4613979624533,83739.0
191,1406.0,257.1508098868507,58.913049104560834,84821.0
191,1414.0,261.4930402118068,62.50341782414193,85415.0
191,1407.0,257.0349310134032,57.70773079990891,86052.0
191,1405.0,256.2917965304651,57.20479062593058,83098.0
191,1409.0,257.76927138909,56.357127791395676,84201.0
191,1408.0,257.1731618830371,57.07134997349636,84781.0
191,1411.0,263.08198353214084,62.21756756730461,83637.0
193,1425.0,258.5340113977037,65.59531181150955,84171.0
193,1427.0,259.05238303723735,64.48279262831302,85395.0
193,1426.0,255.35000670801355,64.0624068484627,84389.0
193,1428.0,260.1477383598051,64.50731173448114,84854.0
193,1429.0,261.6922018996124,64.99975402266861,85162.0
193,1431.0,262.7493712163488,72.36167155252771,83527.0
193,1432.0,261.98467636185205,72.5723299250463,83368.0
193,1433.0,261.2356884673618,72.38983287623334,85032.0
193,1434.0,262.0268423233472,72.1874568719722,83676.0
193,1436.0,267.0284762466433,73.43709420319564,86126.0
193,1437.0,266.667809826646,73.73770146192184,84404.0
193,1438.0,266.9614438331428,73.48792498603878,86405.0
193,1439.0,267.07401740162175,73.43233686470106,85418.0
193,1440.0,266.88240155787184,73.96313985948984,85181.0
193,1442.0,267.0890178767049,74.79797698994064,83835.0
193,1443.0,268.08962246667903,73.69080188188518,87960.0
193,1441.0,266.9099536566023,75.55852727938355,85587.0
193,1444.0,267.70462487080937,73.07764366846442,85625.0
193,1446.0,268.68281841309084,68.13267116167009,84908.0
193,1445.0,269.01368001227837,70.49831211171592,85080.0
193,1447.0,268.9337142926017,67.81494490983829,84263.0
193,1450.0,264.8664148129719,65.88393540764393,86412.0
193,1449.0,265.7951702788948,66.3675426204279,84151.0
193,1451.0,266.22440218371116,67.16073195433314,88033.0
193,1452.0,267.8040948668202,67.57419054710503,84301.0
196,1513.0,200.38984020458003,71.28309768534903,84291.0
196,1512.0,199.78113849314576,71.67069297608568,83355.0
196,1511.0,199.6768157095984,71.36792572628498,83300.0
196,1517.0,206.27333728118072,73.94903542476744,82301.0
196,1516.0,204.9243746520663,71.11563123535203,83283.0
196,1514.0,205.4711245919399,71.9951024231671,83449.0
196,1518.0,203.15716054443612,72.81579430147212,83556.0
196,1519.0,202.99683124909592,66.64009719061146,82880.0
198,1537.0,229.2137137920198,100.05067631277142,84052.0
198,1535.0,232.217362109919,97.56519397973719,85594.0
198,1534.0,230.1448440970424,99.19706507245316,84398.0
198,1536.0,232.91388377689563,102.26206939398033,85735.0
198,1538.0,228.234269411087,100.9710685426337,82969.0
198,1539.0,227.7436517571527,100.27293616599748,83934.0
198,1540.0,226.3561280648508,96.4197097421096,84074.0
199,1554.0,251.27718181738985,90.32768684130846,83253.0
199,1556.0,247.97629136354897,92.65905337130528,83650.0
199,1555.0,251.98419590124635,92.89798200458196,83304.0
199,1549.0,249.78714838340738,96.71254342914932,83094.0
199,1550.0,251.81832383459516,91.20252520309425,82981.0
199,1551.0,250.358499236152,91.49373236518525,82731.0
199,1553.0,250.74433169093817,90.10752683482839,85200.0
199,1552.0,249.79367850825443,90.46396258781243,84355.0
200,1564.0,240.38346779055374,89.58806094720703,84141.0
200,1563.0,240.68125899837537,86.81309101339869,84525.0
200,1565.0,240.4682384322281,89.11894046900929,85450.0
200,1566.0,240.05168242329577,89.3160647352024,85221.0
200,1568.0,240.70910091331203,89.36732145175696,85241.0
200,1567.0,240.83990114112675,89.21329890764851,85888.0
200,1569.0,240.17059557318896,90.01783321592977,85268.0
200,1573.0,246.11787794190843,87.61310510178522,86025.0
200,1571.0,241.62774795825658,89.61670295438128,88558.0
200,1570.0,240.37729837478915,89.2767919363092,84512.0
200,1572.0,245.39787468207234,87.19731949071635,85927.0
201,1577.0,245.013668494209,28.934900901360308,83590.0
201,1580.0,248.89101966160246,29.820773676537748,85142.0
201,1581.0,249.0898048288187,29.388969515456335,82746.0
201,1579.0,244.833533044596,30.940541915827417,82337.0
201,1582.0,250.32588319916857,23.148577593504328,82405.0
201,1578.0,244.89721532148076,31.047557640465737,85165.0
204,1586.0,252.95489886695694,25.062613806573523,83560.0
204,1585.0,255.31776457681534,18.181330623429503,84280.0
204,1589.0,253.4106973565055,25.668331070810744,83188.0
204,1588.0,253.10121261294591,24.75391136954983,83374.0
204,1590.0,254.90624896405905,25.193313006980894,83224.0
214,1690.0,226.2968258256955,62.69177803603618,85886.0
214,1691.0,226.6679205635015,64.39517164767379,84067.0
214,1692.0,233.3647311387201,66.3267032342021,85260.0
214,1693.0,232.14475984355641,66.67249092484805,83616.0
214,1694.0,233.77680983162404,64.80201503006158,84431.0
214,1695.0,232.3362058413871,61.48201210455899,83382.0
215,1726.0,284.5319697533097,96.9973862290555,86477.0
215,1727.0,283.83285312750854,95.14692561608811,84647.0
215,1729.0,277.5841610811142,92.7539486021257,83209.0
215,1730.0,274.6196711345983,91.819553654343,83335.0
215,1731.0,270.92756354066904,92.80226503029684,82922.0
215,1728.0,280.51567271185706,91.59557923687795,84170.0
215,1734.0,268.6629301306794,89.5582581172216,83825.0
215,1732.0,270.1274653502646,90.60074240917426,84967.0
215,1735.0,269.79010832614136,88.56457546314982,83058.0
215,1736.0,269.36690274458704,88.79100271404947,85070.0
215,1738.0,273.1169288736553,90.25641283762808,83411.0
215,1737.0,270.8555107374236,88.82373618055307,83586.0
215,1739.0,274.78192010093295,92.05094212363389,84517.0
215,1740.0,274.5734224506342,94.57424570512482,84107.0
215,1741.0,275.566962026354,94.74945192713524,83508.0
217,1743.0,295.4161783732917,85.23891143780868,86639.0
217,1744.0,297.8362953635686,83.92747230541445,86239.0
217,1745.0,298.5557078790392,81.73405064885559,86300.0
217,1746.0,300.38758707441923,82.09008225180794,84161.0
217,1742.0,296.2551577292844,82.9936543321234,84268.0
218,1749.0,309.7609637173455,70.10273821409473,83781.0
218,1748.0,305.0734438395303,70.70626585848541,84120.0
218,1750.0,313.31075392153645,71.7141283839794,82811.0
218,1752.0,313.1566789291928,72.17178223833649,84096.0
218,1753.0,309.09364002411814,69.87065538162652,83610.0
218,1754.0,309.01057063323435,68.5542186020633,84414.0
218,1755.0,309.7578946356447,65.34867274931739,84146.0
219,1815.0,262.2105183253836,86.02255373616887,86095.0
219,1816.0,263.70361200618845,83.69829259469014,85499.0
219,1817.0,264.10324819519843,83.81180861574512,87813.0
219,1819.0,263.717548580707,84.94130373640454,86654.0
219,1818.0,263.0037354155387,84.72001506010923,86619.0
219,1820.0,264.08205344434873,85.95068618249971,86419.0
219,1821.0,265.3612591757595,85.20065867120377,85036.0
219,1822.0,267.2995922928327,84.15370632472535,86816.0
219,1823.0,269.15731422492,85.16392792962473,84615.0
219,1825.0,273.20559929705706,85.77731643927197,86860.0
219,1826.0,273.83158092427516,86.53968458432314,85858.0
219,1824.0,272.83637104066094,86.37540515235466,86969.0
219,1828.0,272.96800799366173,90.36854235683303,84873.0
219,1830.0,276.93995337009306,87.78872594709165,86770.0
219,1827.0,273.99423058667446,89.1684744830732,87460.0
219,1831.0,276.1769281105672,88.00074978955584,85466.0
219,1829.0,274.12391380218907,88.53076562068537,86012.0
219,1832.0,277.86362205855386,88.41990584818069,86949.0
219,1802.0,265.4802138257544,95.40352812568639,84064.0
219,1801.0,264.6805764100134,95.80492754992838,82639.0
219,1803.0,264.0584539944874,93.19264255835942,84296.0
219,1804.0,271.73870722158756,93.44592711611998,83956.0
219,1805.0,266.04623398489326,92.33402270404504,85589.0
219,1807.0,266.1873666498884,88.72301037583553,84343.0
219,1806.0,265.4179443295261,89.36054347677145,86049.0
219,1810.0,265.19816296015074,89.38141058386081,85325.0
219,1808.0,264.9810535487482,89.51917847423076,85983.0
219,1811.0,265.054415015655,89.63535034150682,84939.0
219,1809.0,264.4670141433654,88.61984130355957,84516.0
219,1812.0,264.38277445054473,88.49526495133165,84143.0
219,1814.0,262.42975725676564,86.35637899569059,85409.0
219,1813.0,263.7845889628564,88.07482528432092,86592.0
222,1846.0,257.1488942252358,91.35908147467428,83660.0
222,1847.0,256.15373344450245,92.80892744995687,84759.0
222,1849.0,251.77848617432088,93.44097021100086,85722.0
222,1850.0,252.7061436415601,92.75052980700363,85623.0
222,1851.0,255.03020060018935,90.05823751375031,86203.0
222,1852.0,252.7419336302645,89.6365062354643,84393.0
222,1853.0,254.86998379378858,90.04419406558411,84031.0
223,1862.0,320.9109241044343,79.81844906520305,84695.0
223,1866.0,319.4664705755321,80.8585698344853,85821.0
223,1865.0,318.08431918570636,79.84760269048749,84234.0
223,1867.0,318.6757469758075,80.76831363972651,85016.0
223,1868.0,317.98735557867246,83.71930958255196,84023.0
223,1870.0,318.4032594064128,87.03489873889119,83656.0
223,1872.0,313.25192815755656,85.23813845395367,82664.0
223,1873.0,315.92219878611024,87.88859230910266,85441.0
223,1871.0,315.15806434152626,86.84098295736666,83790.0
223,1874.0,311.80227916445494,88.77175527892646,84215.0
223,1876.0,312.3573750711471,95.2874742178489,84867.0
223,1877.0,313.02745509941235,97.58250867361082,86048.0
223,1879.0,311.54960348842445,101.19975274262583,85434.0
223,1875.0,311.6871528187103,89.44214585113275,84903.0
223,1878.0,313.7345495458361,100.99145656056228,85813.0
223,1880.0,312.6688803820566,100.7839035514239,85660.0
223,1881.0,314.7735255160046,100.57053698870472,83364.0
223,1882.0,317.25506907284165,96.51042362831478,82607.0
223,1883.0,315.79159464847226,93.44630453252744,82042.0
223,1884.0,314.2668392980033,99.68713543637678,82956.0
223,1861.0,319.29465432910683,82.29013806010664,83311.0
223,1863.0,313.868258680192,82.50275178062037,82575.0
224,1890.0,314.3648460507827,91.57265164679826,82235.0
224,1891.0,314.55216616141814,93.11144644314338,84536.0
224,1893.0,314.6300369910771,100.22867345914804,84390.0
224,1894.0,312.58016041332627,99.6309062293245,83710.0
224,1892.0,315.1598574389961,98.53673220807318,83391.0
224,1895.0,311.29247209910824,98.14336252469697,86763.0
234,1952.0,258.2413256719532,56.09910780588503,83932.0
234,1951.0,262.054972054091,59.444430629236834,83329.0
234,1950.0,262.89752607032995,57.51081883174499,84377.0
234,1953.0,257.68981388933776,56.623942055492506,83288.0
234,1954.0,258.50717667068466,55.27660594398362,84188.0
234,1955.0,259.10100597988037,56.96819611154744,84230.0
235,1960.0,260.1997238826779,50.34149387526035,84872.0
235,1966.0,263.2072264715813,51.71937167562013,83662.0
235,1963.0,264.8064442876051,50.35609455395416,83001.0
235,1964.0,264.0290299792771,50.69383197085406,84011.0
235,1965.0,261.9655881846344,52.571121553223406,83256.0
235,1959.0,260.6045895504711,52.33202708568125,83893.0
235,1968.0,264.24025658099555,47.11029755113498,83784.0
235,1961.0,263.9992709919033,49.9114777899071,84764.0
235,1969.0,263.61254232910557,51.084662390019204,83984.0
235,1958.0,271.00106518196816,55.232011367411495,84404.0
236,1970.0,276.72140937290425,60.40364274863793,84139.0
236,1971.0,275.46404821192954,50.13355571605315,83464.0
236,1973.0,275.45308536224735,53.04137863872479,84031.0
236,1972.0,274.14314384323217,49.51362537589614,83000.0
236,1974.0,270.13198922697666,51.87676385333976,84188.0
236,1976.0,269.50655525505175,50.74753400994913,83396.0
236,1975.0,268.87355611302854,49.95799445440424,83605.0
236,1977.0,271.10282105813616,51.38950715173694,85415.0
236,1978.0,270.5243043184778,53.103892419956225,83363.0
236,1961.0,272.90831561782056,57.00352205975799,85344.0
236,1960.0,274.82003846692896,53.20206952840972,86011.0
236,1962.0,268.47665091229004,56.07430038237115,86516.0
236,1966.0,269.63741675585334,57.439651822269,84652.0
236,1963.0,270.09226243922245,56.65763717340043,85738.0
236,1964.0,269.8212934931185,55.17102938460901,85717.0
236,1965.0,270.05993319408793,56.37455315171242,85588.0
236,1967.0,270.29437184741715,58.09173093818451,84935.0
236,1968.0,276.11704148919927,60.62554715852228,82909.0
236,1969.0,279.45258531857377,58.47230879186871,85566.0
