7,42.0,151.4857382485908,147.99911612852,129894.0
7,44.0,151.34887787296336,146.27660387506714,132846.0
7,35.0,148.924384894931,149.42766068478332,132664.0
7,36.0,145.6412942801152,153.39692433131268,132940.0
7,41.0,159.76990018626938,153.50701905923563,137529.0
7,40.0,165.21571503947874,155.95966470710778,138011.0
7,45.0,149.51609587657745,147.65293336504496,132087.0
7,43.0,153.65917898888887,150.09075524553808,134531.0
7,37.0,148.63730666042568,154.6793797464268,133013.0
7,38.0,151.97469587416904,153.90661712682046,133010.0
10,42.0,136.6559076595353,155.70687781898215,132842.0
10,44.0,146.48078577976278,146.45826396467737,131814.0
10,40.0,123.13288506527786,156.79342422639442,132326.0
10,45.0,145.04624243086425,150.9044107226459,132863.0
10,39.0,122.80932670321396,163.19770149379804,132548.0
10,43.0,137.5444749165732,145.943044019942,130618.0
10,38.0,124.5602853137561,161.04491769355516,133708.0
20,82.0,151.4548661374277,190.09220211691843,134029.0
20,80.0,147.6406278672961,184.4532061524752,131149.0
20,83.0,155.79436298048944,197.75717781944837,133213.0
20,85.0,141.80729011364275,189.63898356068185,131980.0
20,84.0,151.3160922742689,195.60972859895378,131094.0
20,81.0,154.2815159772757,188.9298680057769,132948.0
22,92.0,112.30996062162119,166.07582916654033,132612.0
22,88.0,115.86711201606894,166.3513616385133,128784.0
22,87.0,111.67344112451592,168.72264482655441,129993.0
22,91.0,106.7466456977388,169.13382036819263,129878.0
22,89.0,103.10345004242609,163.13657428260984,130069.0
43,181.0,117.95906955235685,181.0987604905354,132870.0
43,185.0,122.37988822930542,187.15562092028938,133134.0
43,187.0,129.8286226774464,189.22368538421333,130940.0
43,182.0,127.97326863173232,181.02765732207612,134897.0
43,180.0,126.0928362768593,174.7227956397392,132196.0
43,183.0,130.5725403999583,179.77035296248482,131194.0
43,186.0,128.12856249684472,184.02369334903918,132589.0
43,184.0,122.17783113583208,187.71692547175923,131066.0
44,185.0,135.2159155885531,179.20215449834996,130252.0
44,192.0,134.86154952460276,187.773774987967,137594.0
44,187.0,133.28810128853547,193.25982571540254,131939.0
44,188.0,141.42531424027942,187.1796564247066,134297.0
44,195.0,126.08677311843324,188.47413008192055,136387.0
44,194.0,133.54990737113965,194.33722513047692,132411.0
44,189.0,137.79077266145478,191.5105398511644,132790.0
44,186.0,134.16392797197437,187.9131391617695,130498.0
44,191.0,133.22218615469814,189.492155982308,133416.0
47,209.0,90.29226445356507,158.96454718024327,132704.0
47,210.0,93.59975564805984,152.63437937101116,131255.0
47,208.0,96.68097516987545,158.88672316191432,130486.0
47,205.0,115.48916372071747,145.23512234415563,131055.0
47,206.0,106.69402659173404,152.49336765235333,129455.0
49,214.0,89.6552020576827,156.75057513343089,130685.0
49,209.0,89.47972033222436,152.11910409361326,131266.0
49,213.0,90.25013880740518,152.96158295680058,132022.0
49,210.0,90.90665922454166,149.1788138021659,132591.0
49,212.0,88.20254824369886,149.25883570274218,134512.0
49,211.0,91.48753493940815,147.89761818175444,131736.0
52,231.0,147.61972982566112,158.7549560241305,132342.0
52,236.0,153.85019685077611,161.75494630282407,131526.0
52,233.0,157.22480330814352,163.75264327140619,132084.0
52,232.0,159.70456673664222,161.02668895499824,133215.0
52,235.0,157.94199146302103,157.91170852625177,131842.0
64,293.0,127.18398999359441,152.14261548232025,133913.0
64,294.0,127.04003540503606,151.63633231408406,132772.0
64,296.0,127.90717863519104,148.42569717986393,132429.0
64,297.0,126.56917293637792,148.49638596043033,133387.0
64,285.0,115.49936556625082,154.17381794920487,130137.0
64,298.0,129.03233009379736,147.78736082794265,133576.0
64,286.0,127.00840830164638,157.65143049621824,130644.0
64,287.0,126.0216871552821,157.60109075634986,133513.0
64,300.0,127.32602814073744,145.20203673955544,133518.0
64,288.0,126.35092973491169,156.97866567132695,132529.0
64,299.0,128.09763271459903,144.74420786662125,137680.0
64,292.0,127.5106903045,151.9022000229418,133495.0
64,289.0,126.5431027393771,157.78736019362222,131751.0
64,291.0,128.6217225700818,152.58888459376848,133782.0
64,290.0,125.83511603153444,154.46556519577507,129830.0
66,304.0,110.97859216873435,167.26885638963788,136146.0
66,322.0,111.28456702738782,167.51333647774146,137421.0
66,306.0,111.24339992811952,166.89957733887607,137953.0
66,303.0,111.69492142048259,166.92570145739336,135925.0
66,312.0,111.09841681743517,167.22729108213892,136430.0
66,308.0,111.32666702704776,166.84897615373822,135482.0
66,287.0,114.40724073497888,156.3844342658531,133453.0
66,309.0,111.38859116428823,167.25992411982674,135169.0
66,315.0,111.82736148242076,166.95147187809548,139355.0
66,311.0,111.3149557529795,167.39210063129622,139542.0
66,289.0,111.58421923029482,155.1577813499005,140195.0
66,288.0,115.69657972182523,157.5110571816031,137006.0
66,310.0,111.63146402739204,167.47141067034423,137572.0
66,314.0,111.59935980740163,167.48603289554032,137353.0
66,292.0,111.71794805279093,160.22824153690075,135813.0
66,317.0,111.79112391990621,167.53887746470446,136742.0
66,291.0,110.44599267586702,156.84275009653317,138680.0
66,316.0,111.61896771007282,166.84414253494091,136306.0
66,290.0,110.68599683991513,155.88984299852524,137841.0
66,293.0,112.52504220096743,164.20976741214295,134179.0
66,294.0,112.70777895459497,166.05879091515092,132989.0
66,313.0,111.34730207301972,167.52822607576988,137541.0
66,296.0,112.52587566791242,170.80827903040122,134737.0
66,318.0,111.52057864881593,167.52134316687918,136496.0
66,297.0,112.39703762449267,166.25376288398877,135669.0
66,319.0,111.28058365338151,167.2460082006216,135278.0
66,320.0,111.48006503715038,167.53879787407888,136506.0
66,323.0,111.56979851212996,167.50786239977293,135072.0
66,298.0,111.87564886831818,165.31823885402764,135892.0
66,321.0,111.32536184248204,166.94849822382585,138722.0
66,300.0,111.0083324429283,166.03539559606892,136775.0
66,327.0,111.35873728291293,167.47828998302126,132239.0
66,301.0,111.53712610379998,167.16058987790595,137226.0
66,324.0,111.66558962544913,167.48641398341277,136704.0
66,299.0,111.82853087396455,165.16047316247747,138165.0
66,302.0,113.45228862589163,168.41834694426709,136093.0
66,325.0,111.70208524253248,167.82034456837596,136588.0
66,326.0,111.27477008464034,167.41213997638502,135218.0
66,307.0,111.61336486012043,166.88428976167657,135947.0
66,305.0,111.10123414408159,167.1423328609212,137022.0
71,316.0,140.5057847985067,141.49222589117304,136304.0
71,313.0,130.67702010151044,148.30062019220864,136492.0
71,312.0,130.05319961646094,146.15728361453378,133770.0
71,318.0,144.16829045793634,146.99044043700778,135213.0
71,319.0,142.8844830316932,146.13410975537445,134597.0
71,320.0,139.98574151607227,151.0808888695397,132679.0
71,309.0,134.5972329508409,150.49069568735518,132885.0
71,323.0,141.29777932203447,153.98348614327764,135499.0
71,327.0,143.53602337689836,158.83208791059894,135351.0
71,315.0,138.05440707604726,144.64169569011364,137435.0
71,311.0,134.32400154040977,146.17143091927875,134102.0
71,324.0,138.87960135829343,156.7620164971007,131191.0
71,329.0,139.43512784340786,152.28120259383468,131767.0
71,325.0,137.44304018342166,156.2468599222854,131782.0
71,310.0,128.0255848979039,148.22450544240527,131634.0
71,330.0,138.03873441623173,149.7833483359411,133095.0
71,314.0,133.65938088835128,148.41409249182956,135951.0
71,326.0,140.78737476845657,157.87581027428234,133106.0
71,322.0,142.06504693665644,154.5663745050109,130988.0
71,317.0,141.91943868604656,143.99313703705266,136372.0
71,328.0,142.2034756075536,151.9553481256834,135709.0
78,355.0,113.93001327576034,143.70359756637342,135065.0
78,357.0,107.08755264000078,140.44424711622494,130316.0
78,353.0,119.53895150695398,144.23068993696248,129463.0
78,359.0,100.29016450793634,142.63215318630154,135374.0
78,351.0,127.58895554813624,148.2987384370724,129801.0
78,356.0,111.18518685572164,142.75766270133502,132367.0
78,352.0,125.86317758015709,144.47930807937112,131441.0
78,361.0,96.55528323906711,137.94952824587716,132258.0
78,358.0,103.35691396643365,139.99563947888564,132117.0
78,354.0,117.99276432447637,141.5599669680251,133987.0
78,360.0,96.2951995117986,136.77151248858047,130501.0
81,380.0,102.84444777081913,156.04159370298197,134448.0
81,382.0,99.6286526538638,156.94313211384068,136758.0
81,367.0,98.25613594981758,145.02983231800505,130851.0
81,378.0,107.69012164855397,148.17964963862497,136813.0
81,372.0,94.65155778932453,152.7975222495162,132794.0
81,370.0,98.61581800617199,153.02121378218007,131726.0
81,381.0,97.99888140791559,157.20021360220608,139869.0
81,369.0,95.1896007558107,147.94844709885382,133357.0
81,371.0,99.38730190523619,151.98313668821632,133813.0
81,376.0,110.4970066448566,149.00372009144354,132837.0
81,368.0,95.99494167089057,147.41889953645617,133107.0
81,377.0,110.49211723342407,148.37858459616157,134567.0
81,374.0,103.0141493505787,149.8661489931727,131735.0
81,375.0,106.83362260643698,148.24619579525321,131219.0
81,373.0,99.93673504592695,151.8577329438705,131224.0
81,379.0,103.8237755711965,151.23022775101714,135736.0
86,399.0,104.52513941394704,167.73973358123723,130334.0
86,391.0,98.58278589453766,167.27229724593047,132475.0
86,384.0,102.98149755857872,166.13847823883535,137736.0
86,398.0,106.48098798728985,167.59176139084272,130197.0
86,382.0,96.38479471963866,157.92831476415572,134924.0
86,397.0,105.77460218490076,169.3100352637133,130499.0
86,383.0,98.2225894456819,164.10939384230326,135019.0
86,400.0,106.43962680429456,169.11332638701646,130077.0
86,385.0,102.6166666517264,166.45530478142294,133832.0
86,389.0,101.88051242253103,171.79084240356616,132546.0
86,387.0,96.1802153196436,172.18942334446848,132614.0
86,388.0,97.60000562480643,170.3583562607801,135562.0
86,390.0,99.82936940220253,168.38335590199497,134511.0
86,386.0,101.27750643212586,168.6111825834849,135054.0
86,393.0,101.77905722583225,166.5569305310305,133094.0
86,392.0,101.8264509616058,166.98365657285615,131764.0
86,395.0,101.35614676623027,163.56859737310089,131424.0
86,394.0,103.0816648655455,164.67493033217968,131103.0
89,411.0,116.63439935986969,166.5869210617919,130496.0
89,409.0,118.1627212677995,165.3833415476348,131215.0
89,412.0,115.9787467969023,166.88360951010807,132358.0
89,408.0,117.61134764669707,172.53831209347024,132044.0
89,410.0,115.64716790431886,167.0501121893627,130937.0
89,407.0,116.96103124099801,171.94655061980538,132889.0
92,419.0,148.91819161209048,180.53136356794414,131769.0
92,420.0,152.6559570822462,175.88932087903288,131692.0
92,423.0,143.7451899927629,174.26811256296435,134493.0
92,422.0,143.94297838193373,178.19208990376362,134000.0
92,418.0,159.18974628655644,171.83620833163093,131636.0
92,421.0,147.61694242450753,187.10554296899167,130184.0
93,430.0,116.48066636583529,158.46356578991123,131921.0
93,437.0,119.9058448739384,166.24963150344993,131683.0
93,429.0,113.79634479891949,160.87928682812978,132324.0
93,432.0,115.62000643686869,163.2186391956319,132125.0
93,435.0,115.12795274150402,164.74092118923704,133841.0
93,428.0,111.37965696439595,160.2217793639925,128968.0
93,433.0,115.63801789154377,162.21907744724098,132247.0
93,434.0,114.78550297342298,163.49210069849397,133386.0
93,436.0,116.27619120252582,163.50916186940282,134318.0
96,438.0,139.0047076489705,177.9786297964676,132095.0
96,437.0,130.2356951311844,180.0091718282719,131725.0
96,440.0,158.89250420199102,194.8851096820881,131266.0
96,442.0,167.01875559811964,188.84680589373693,135211.0
96,439.0,147.19331713728198,191.77581509709708,131493.0
96,441.0,167.63087403454682,189.46578766142372,136505.0
96,436.0,134.26895853720956,179.18951040128056,130397.0
99,447.0,129.0550456489608,145.29056749206148,135697.0
99,451.0,128.0671704046886,149.61990537493423,132216.0
99,452.0,116.52789170851669,154.0844689965372,134268.0
99,448.0,121.61165065392552,146.91942693057516,133179.0
99,449.0,121.65602602692596,150.660952508506,136206.0
99,450.0,114.11909435824424,159.70126592206097,132119.0
99,453.0,116.95616715797718,148.27111255133832,131893.0
106,504.0,101.04249639438757,160.6163147408607,138509.0
106,511.0,102.03742285625893,155.3604990183508,134803.0
106,503.0,101.3287497375785,160.91377844052258,129851.0
106,510.0,102.34936390334141,153.43668728556537,136266.0
106,509.0,100.04258491878161,154.02312199935233,135386.0
106,512.0,100.99553224479618,154.96167291299184,136770.0
106,469.0,100.50776133177538,159.93572075106653,135321.0
106,471.0,100.6885994896491,159.16543666677347,133758.0
106,508.0,102.04634090130027,159.2890102691001,135907.0
106,468.0,100.0678029181591,159.37682304777323,131285.0
106,514.0,106.41727742653855,154.2486481810829,134880.0
106,472.0,100.1990116189893,159.44073744640758,135142.0
106,516.0,112.3101971192023,156.86346831159895,135315.0
106,507.0,102.81580011314497,160.82785545085446,135024.0
106,473.0,100.87685981938553,159.94382173289983,135331.0
106,470.0,100.43348555723274,160.0771143990531,136056.0
106,475.0,100.77474931508773,160.03786894087102,137265.0
106,474.0,100.63091879070453,160.6903740329785,134210.0
106,513.0,103.22214044793014,156.1660801486861,133776.0
106,517.0,111.9320042105417,157.76813769899238,133184.0
106,478.0,100.36223768449344,159.09327647628163,136216.0
106,518.0,109.76261123792003,158.08823267383718,135966.0
106,477.0,100.21800202002177,159.87461651724476,134256.0
106,479.0,100.95903013929998,159.60373691786143,134118.0
106,522.0,105.81832994765229,156.10967445570344,133449.0
106,523.0,103.44524416656623,154.73690437320607,132559.0
106,481.0,100.03850086263571,159.3080966058895,134332.0
106,515.0,107.4071014002566,157.14634467759817,132649.0
106,484.0,99.41493435410314,159.2544859039286,136757.0
106,483.0,99.4976393574356,158.8023653178015,136535.0
106,521.0,103.08991173029523,155.09263239870612,134582.0
106,482.0,99.98269740712294,158.72778544755556,136919.0
106,487.0,100.94213385266116,161.3571571971184,135614.0
106,480.0,100.15882030602668,159.53562788661225,136643.0
106,519.0,104.98228260001655,161.0146561933703,133213.0
106,485.0,99.707939675232,160.13411852808196,135701.0
106,476.0,100.3818242983901,160.50341034397056,136283.0
106,525.0,100.38825991165717,159.08516147971045,131601.0
106,486.0,100.2308271662898,161.05863131601552,136865.0
106,490.0,100.72876589567265,160.17004789404086,133347.0
106,524.0,104.31172833083914,161.3523993471568,132105.0
106,520.0,104.19959846656444,159.78974152625315,138524.0
106,488.0,100.7887507404378,160.12173523489582,136004.0
106,489.0,100.47979096069707,160.0325778796971,135827.0
106,495.0,101.25009188437994,160.16946791841653,137600.0
106,494.0,100.34292027255049,160.3006031345691,131909.0
106,492.0,100.36872550899032,160.04392230160505,132265.0
106,496.0,100.57952773960126,159.77707239283814,136317.0
106,491.0,100.89480281751479,159.93533411110226,136177.0
106,498.0,99.68236863076785,160.11661909528542,136063.0
106,497.0,100.30851965508826,160.475350700329,135307.0
106,493.0,99.86786263730895,161.05580743085574,134323.0
106,500.0,101.61920912331578,159.8675610731632,134939.0
106,499.0,100.76478448541447,160.8626319600768,135501.0
106,501.0,101.08140936774666,159.9958271573623,136328.0
106,505.0,101.1738163168897,159.92394830909308,133626.0
106,502.0,101.24021597869509,160.16467307136483,134178.0
106,506.0,101.21902376234375,159.9132286169571,134813.0
112,493.0,130.7869186567243,144.99346258544276,130281.0
112,507.0,128.90947513172298,135.3713476533587,134075.0
112,500.0,130.94655807671535,144.32802333064464,131269.0
112,503.0,137.0120112901578,134.1117747812396,135117.0
112,510.0,138.9820831837945,142.85994673014255,132115.0
112,499.0,132.03218918047213,143.65913612314003,130512.0
112,509.0,132.55488686371208,143.01325214598708,131584.0
112,495.0,131.60000379525087,153.56497489474836,132376.0
112,501.0,131.22109823670363,134.2291588338968,130751.0
112,492.0,127.88541491204258,151.3421671477424,130931.0
112,505.0,141.13132218294325,137.36271506899266,133318.0
112,502.0,132.92889278871593,135.19152925265334,133814.0
112,508.0,134.8020270721727,144.5811344068065,131843.0
112,496.0,131.48196212572051,145.83842145014705,131054.0
112,506.0,130.85455078671086,136.64746484896406,133882.0
112,497.0,130.0523513339563,139.77797098276847,129958.0
112,504.0,129.00580902348656,132.2956186954628,132721.0
118,511.0,116.57926734790054,138.0387668279008,132383.0
118,512.0,115.08724920307364,137.18923596330717,136687.0
118,513.0,114.9975860993787,132.85049529546723,142800.0
118,515.0,128.7584295328868,128.03954256719487,131536.0
118,514.0,113.14397267830812,128.09369301229717,132737.0
118,510.0,127.88661541148751,133.22645722914078,130234.0
118,516.0,134.07952143780562,132.94589453219547,134364.0
120,526.0,109.00579048879402,150.76728765132972,140280.0
120,525.0,106.87358467497339,155.40476136383967,134681.0
120,523.0,106.13095599900967,138.2395349235932,133230.0
120,524.0,102.38375504844979,143.188727367845,133897.0
120,528.0,114.55796840561001,148.96582170023535,133984.0
120,521.0,122.1134806656118,143.79712212311915,131957.0
120,527.0,112.03862057580902,147.26593084830188,138219.0
120,518.0,113.79800943231261,149.7743611128381,134307.0
120,519.0,116.106546410082,146.71587008838222,135042.0
120,529.0,115.87073090270216,150.4604350955372,132193.0
120,522.0,117.65710882513373,135.23998971779125,135816.0
122,534.0,115.45474672174994,126.3360942433368,134229.0
122,531.0,108.55674120122353,117.81803486961692,134147.0
122,535.0,108.28726291385823,133.0657901639096,131678.0
122,528.0,96.94600406189595,120.71524912743831,131406.0
122,533.0,116.86653476988279,128.58631103296918,134584.0
122,536.0,109.49920288274437,126.67036118292572,132571.0
122,532.0,111.8584509651409,117.60527463201034,132345.0
122,530.0,103.93697415703309,119.77479571237207,133482.0
122,529.0,103.54825920432336,118.08969534266772,130767.0
125,537.0,101.53059882602788,156.00799947581692,132758.0
125,534.0,99.27113773898738,167.20840415622402,131414.0
125,535.0,103.91909155998769,158.34259595393632,132322.0
125,536.0,109.72264183000941,167.01090054674617,130787.0
125,539.0,99.24120434775077,155.1517589231068,131008.0
125,538.0,103.95923333017751,151.85568585880512,132769.0
126,534.0,119.9395052527662,187.2600930109361,135528.0
126,535.0,120.59902721614978,183.37088442256143,133335.0
126,539.0,128.15666847807228,177.73785968539173,132878.0
126,536.0,125.32717444678791,178.55902598421383,130851.0
126,538.0,134.86808581320676,182.05647150841094,130845.0
127,542.0,95.98594871592552,121.21164554805337,132062.0
127,535.0,101.54183782482325,125.09008274552806,132648.0
127,544.0,102.76839270390461,132.74656375639205,131315.0
127,536.0,101.97414971776647,126.94733502877895,133171.0
127,539.0,96.53542022131933,117.11344341687311,131310.0
127,546.0,115.83238759866015,128.3862321436699,130955.0
127,538.0,99.72256323571709,119.11078815174346,134443.0
127,541.0,99.39236490768948,124.4227715646787,132601.0
127,545.0,109.56469427456742,137.30840305612531,136324.0
138,603.0,172.49622331091638,174.50330496136777,129484.0
138,602.0,177.40995189874832,160.61842676736538,130639.0
138,607.0,180.52240723413274,170.28670747294004,130433.0
138,604.0,180.2409385544829,165.3481119451289,135187.0
138,606.0,174.57845994633257,173.94505020520637,135594.0
138,608.0,177.93590238444648,185.35140443565544,129155.0
156,683.0,123.84710290855168,127.72008969716565,134771.0
156,681.0,119.88696021181121,126.5351918631977,132324.0
156,682.0,124.22753519267056,126.59163013723969,137015.0
156,686.0,124.02548527240012,128.00679747497276,135441.0
156,685.0,123.7199661122043,126.1917604300744,132776.0
156,688.0,128.1464733226919,129.33393413954187,132970.0
156,689.0,125.5604330673607,131.88224048241764,136195.0
156,687.0,128.630143371599,125.25531563916212,132532.0
156,691.0,118.50918220659003,127.75361377896479,130041.0
156,690.0,120.7420756665587,130.4944458733396,129677.0
156,694.0,115.18936878151821,126.22814894633336,130680.0
156,692.0,116.44176496425912,127.41141835738746,129765.0
156,693.0,115.23419326086494,125.8738784293936,130518.0
156,695.0,117.14887266172013,128.79425235082383,131397.0
156,684.0,124.42596308716197,127.41342580099106,132732.0
156,679.0,123.8751134424233,131.15253453254502,134955.0
156,680.0,120.62444913809972,127.26913462583643,135565.0
159,704.0,121.95852747491838,130.91703304267767,129248.0
159,699.0,119.22675164214058,133.80693628736987,127840.0
159,700.0,123.2770858831548,133.31916823447483,129350.0
159,702.0,124.75804448998548,133.02538864976503,129832.0
159,701.0,124.3328521922617,132.45401389899237,128840.0
159,705.0,121.59917522344071,133.6721687809842,129362.0
159,703.0,125.01340451793227,132.13019877691198,132344.0
162,718.0,113.83659601092712,151.10136389238187,133465.0
162,721.0,119.3452509846601,149.56145779456463,133165.0
162,716.0,108.39031574484262,156.51454856417837,133047.0
162,719.0,118.02276577480181,146.46887219584931,132476.0
162,720.0,119.19950440280233,146.41359954141407,130798.0
162,715.0,111.47664495568755,147.3425364896922,132796.0
174,744.0,133.69449355245922,164.49619782716815,135656.0
174,749.0,112.22464834539846,136.065995460998,131128.0
174,748.0,108.13290218410891,143.96227824806917,133192.0
174,743.0,131.0192903397901,166.41874733000242,132371.0
174,742.0,125.412469456868,167.76483181573863,132369.0
174,745.0,120.55002338035982,154.10235213848463,131812.0
174,746.0,110.6277419208633,150.08809057058286,133541.0
180,766.0,116.07674829647468,141.61045579497232,129336.0
180,760.0,121.967640589842,140.55627106670016,131914.0
180,764.0,109.50556788060776,145.7726449662487,133603.0
180,761.0,120.2209590617553,137.7200910439334,132151.0
180,762.0,122.8283032672088,145.96136461077893,132352.0
180,767.0,117.28016107099236,144.11452292422175,131350.0
180,765.0,114.64826826141694,135.11934319973733,130327.0
181,772.0,106.08562377144604,125.10433332210829,131424.0
181,773.0,104.55134212709305,126.73194666640227,133676.0
181,770.0,115.39282062561335,116.52328455149231,136137.0
181,769.0,114.49077764237889,119.24224541852206,131781.0
181,775.0,96.48755915731228,142.40052651627062,134001.0
181,774.0,97.38083867938995,132.3843404910768,133731.0
181,771.0,109.44856026342643,123.751780601108,131789.0
181,768.0,117.80147833796256,120.79363267995343,135308.0
189,799.0,108.82050108931786,169.95039033499972,131507.0
189,805.0,102.68189137310621,168.03468869591237,132311.0
189,802.0,105.61177472004364,177.2476959268078,131724.0
189,806.0,100.01232882418826,171.50564510321973,132900.0
189,804.0,112.02116872621221,165.4605791492252,128999.0
189,807.0,99.24206182608509,168.15952956198458,129898.0
189,798.0,106.50995328234077,163.96989337841708,130621.0
189,801.0,109.91226030293201,176.31301091096392,129392.0
202,874.0,102.72549380084212,179.63866039447194,132848.0
202,875.0,99.65273344801405,181.67404686982223,133417.0
202,877.0,94.92624249640139,178.74295301829727,130408.0
202,878.0,94.61373593383784,179.90507937760225,132290.0
202,873.0,105.72849927818241,184.43204912267186,132643.0
203,896.0,123.58086040957599,163.74395554760105,131980.0
203,892.0,129.20435873381814,163.15574550089482,131857.0
203,893.0,125.08553569448028,163.9277196384565,136589.0
203,890.0,130.93946344971815,164.6679540803844,133522.0
203,894.0,124.0748844823357,164.07623051221796,134784.0
203,891.0,131.1082929991926,164.55045163361166,130436.0
203,895.0,123.78750069956278,164.26257981636599,135945.0
203,889.0,130.74532672695696,166.4868886026744,132474.0
203,897.0,124.67839313611388,166.28698263104766,130970.0
203,888.0,129.1533021104876,166.9447121665547,132658.0
212,922.0,106.65851052355288,140.92208257824495,138664.0
212,918.0,112.20099921715655,147.7715353763545,135667.0
212,915.0,111.9262592488351,150.9132856181854,132582.0
212,914.0,110.21700387690686,152.93804902211951,132129.0
212,920.0,112.14816632835672,145.8870886057258,135957.0
212,917.0,111.29372885569867,149.94411732103336,132022.0
212,923.0,107.50065187143528,141.1592856482525,135244.0
212,916.0,112.22666555598026,150.8334029147367,135356.0
212,919.0,112.55812132356175,146.84123912048426,135207.0
212,921.0,111.62549531744335,139.8678357384781,135141.0
215,931.0,121.95261547403145,150.98506302426458,134562.0
215,932.0,117.80391128888185,156.23450585440548,134538.0
215,925.0,121.32121560810712,125.181589797588,129799.0
215,933.0,117.4523321502481,150.89517643479633,137682.0
215,930.0,122.83969371311504,149.6828949758488,134534.0
215,935.0,118.28066551151893,152.14584217038438,136546.0
215,929.0,126.6087068139888,152.94312357044353,130793.0
215,926.0,117.2775625260275,135.43553022178313,132178.0
215,934.0,119.42782819767416,148.95213191389792,138468.0
215,936.0,118.04463791343044,153.51257403753402,134309.0
215,927.0,118.2883617751048,145.1128521934124,130388.0
222,968.0,136.96233091138188,191.54246191751935,130178.0
222,969.0,128.0939839218719,192.91437723203242,130089.0
222,971.0,126.50449331358001,189.68510341940646,132019.0
222,972.0,133.70889515936943,190.56806017729508,134942.0
222,970.0,126.59341526608787,192.75017143434218,132739.0
222,967.0,133.70461203247825,196.42532397398264,135925.0
226,989.0,112.16291030233371,140.1906440166869,134176.0
226,986.0,118.85334826207502,139.4012048217616,135380.0
226,988.0,118.06393037903256,142.19984611189003,136266.0
226,991.0,111.73711972052523,145.27777576690863,133509.0
226,987.0,121.08408430897181,143.67362559406706,135165.0
226,985.0,114.35017329170851,142.18560669290753,137248.0
226,990.0,114.93232176402678,146.3508899096378,136595.0
226,993.0,104.28143845286569,145.60181604045846,132945.0
226,992.0,113.54131282240233,147.8876756928194,133146.0
226,981.0,124.2512707051215,141.85536174462726,135691.0
226,983.0,121.68344653791858,140.40162373577482,134366.0
226,982.0,125.39592402089845,144.29057935258695,137490.0
226,984.0,118.21226983541345,143.3218130886744,136692.0
226,980.0,122.70500051233466,141.28789519382693,132769.0
227,999.0,107.39037514830885,146.07547019245587,136415.0
227,1003.0,105.98561193924583,140.45080123932962,133307.0
227,1000.0,107.56416657119419,143.63640032398428,133769.0
227,991.0,116.294342762041,156.8364860189487,132826.0
227,1002.0,109.53213095872067,140.6148934174263,133209.0
227,995.0,114.30083345825832,141.16033887096762,131220.0
227,993.0,112.38519529336759,146.84393546524078,132517.0
227,994.0,113.87462996520698,143.4569067010169,132440.0
227,992.0,117.06469589102977,150.1621831331156,133882.0
227,1001.0,104.19655040948221,141.79747856111078,135136.0
227,997.0,110.3121147436301,143.07839609106057,135744.0
227,998.0,107.64944048718571,144.41016641396152,136553.0
227,996.0,111.05958704597357,139.65329700902126,131191.0
233,1001.0,101.55640423132799,121.0690715691129,130609.0
233,999.0,93.37011259244576,128.77793446655514,132578.0
233,1000.0,95.55029117379549,130.5977598742229,133444.0
233,1002.0,103.08304477363284,124.08843994644425,129301.0
233,997.0,98.92840282977085,124.71192166001306,129831.0
233,998.0,92.40580118705444,128.16644480250238,133041.0
235,1019.0,106.51711314289741,130.91585953496974,134189.0
235,1012.0,104.72016882179345,142.30260373570624,134060.0
235,1014.0,103.98174314791072,135.7151730704529,136330.0
235,1015.0,103.41825382369926,134.08566974232303,136454.0
235,1018.0,110.32050689297247,128.76499906032976,132490.0
235,1013.0,103.32980405090929,141.58862239520522,134096.0
235,1016.0,108.77225291766906,145.60683701961116,129831.0
237,1029.0,99.26678276506892,152.33284094282445,129903.0
237,1036.0,102.5375537006439,155.72345259556644,130858.0
237,1035.0,102.10691748473168,157.5223917282251,132656.0
237,1032.0,105.51193117485516,154.98350027606827,130612.0
237,1031.0,99.56019410978236,154.08625920291678,132492.0
237,1033.0,101.21276535250094,155.78486009836487,131281.0
237,1030.0,102.18018501454252,151.34331677536906,131285.0
237,1034.0,100.20561676499254,156.4540865678687,134463.0
239,1032.0,101.30313611452712,141.58997690613387,133792.0
239,1035.0,98.59113297968008,126.6189986234402,133909.0
239,1037.0,99.6595209912906,117.59789918061591,135236.0
239,1031.0,102.89596812664921,139.71107271638894,136829.0
239,1038.0,106.29202363608717,124.33337646575835,132986.0
239,1034.0,96.4520461318535,136.72764354751652,132461.0
242,1043.0,102.32791513527829,159.52532964410898,132953.0
242,1047.0,100.00516760422849,157.29723104051064,141176.0
242,1044.0,106.75652467916655,165.03252347414124,131568.0
242,1046.0,99.08786548119951,157.92305930091473,134228.0
242,1045.0,105.90364657273751,161.69031543294372,136034.0
242,1048.0,96.62605149642584,155.57466329586467,140525.0
242,1049.0,96.76953485155641,152.48596536066415,134777.0
244,1079.0,163.95948309585862,160.90987012430386,130884.0
244,1074.0,147.4572980496528,145.1186116522869,133882.0
244,1078.0,162.9817852797693,165.48700684769227,133242.0
244,1072.0,135.53120786362476,138.40894894109636,133633.0
244,1073.0,138.24488804941646,138.18421404246132,135939.0
244,1075.0,152.18982174111977,155.0779701294597,133713.0
244,1076.0,156.45440115088027,158.98825095968084,132852.0
244,1077.0,163.72285763774286,161.81927622014013,136983.0
252,1110.0,108.88453155504219,185.62047518128642,130585.0
252,1112.0,108.87671723357262,184.45358073590722,135026.0
252,1108.0,105.99113776497241,179.4880416296487,130288.0
252,1111.0,109.87631150323145,183.80387446402224,134503.0
252,1109.0,108.18439506014984,183.62683581324225,134915.0
252,1113.0,120.91999651287192,188.21006881944075,131786.0
256,1130.0,158.26793622713748,196.18965803010883,138059.0
256,1146.0,159.1974125088186,196.7503422128617,137667.0
256,1147.0,159.1553552469333,196.6851886043145,137284.0
256,1132.0,158.62979606790788,195.96919916745617,136371.0
256,1131.0,159.15613528328927,195.33469978544275,135178.0
256,1136.0,158.60840278050145,195.88121665026193,137070.0
256,1151.0,159.53252129665785,196.76952013761564,140815.0
256,1134.0,159.0540731294493,195.68843052548766,139868.0
256,1137.0,157.85135723135025,195.77329513458926,138109.0
256,1152.0,159.1880586909141,196.5966019458365,132691.0
256,1135.0,158.79469544747394,196.16487220068626,138981.0
256,1133.0,159.22717109557001,196.29462170340017,138072.0
256,1141.0,159.53464071338394,196.90494544656806,138368.0
256,1122.0,158.3515795293395,195.65641157957683,140175.0
256,1121.0,158.20060148427658,196.07224769609994,128866.0
256,1138.0,159.29675434172506,196.72783441256976,137006.0
256,1140.0,159.2841652800027,196.77728959051007,135438.0
256,1143.0,158.85839504777755,196.8390212052535,137853.0
256,1139.0,159.26562155127039,196.5540986188699,137854.0
256,1125.0,159.02263401067952,195.69677767145703,137087.0
256,1124.0,158.8394414311066,195.45119770826366,136591.0
256,1142.0,159.17361834188014,196.46926898103195,136669.0
256,1126.0,159.1640140775499,195.96534989132067,136681.0
256,1144.0,159.2950417349046,196.50435919028473,139012.0
256,1145.0,159.0444697439469,196.79261815331697,138214.0
256,1123.0,158.6570493550747,195.48205402643205,138670.0
256,1129.0,158.20186345870871,196.3393361302064,138218.0
256,1149.0,159.19116732970167,196.72216868375213,135875.0
256,1150.0,159.17787510291603,196.703067070378,137794.0
256,1128.0,158.81234342266305,196.4762858421448,136884.0
256,1127.0,158.76642172340746,196.05521769010699,137511.0
256,1148.0,159.27379667732262,196.75489536256728,138647.0
275,1230.0,112.49291620952012,126.49278149302528,133499.0
275,1228.0,108.58246705118475,115.73546517334928,134032.0
275,1232.0,129.77632541694962,139.07928866037437,130325.0
275,1227.0,115.40397082962235,114.77870908072458,128613.0
275,1231.0,117.30067135346246,135.85920802386752,131109.0
275,1229.0,110.80023039826074,123.05211245639313,137674.0
276,1232.0,111.24358164060622,120.85215758598304,132464.0
276,1233.0,115.8230226975072,118.11534061285896,133001.0
276,1234.0,107.18030627474096,118.1888103811952,133601.0
276,1235.0,102.44101121885203,122.43600784633676,131631.0
276,1237.0,110.50498315010282,114.57088859806939,132155.0
276,1236.0,106.56468844635032,118.18579869255623,131629.0
280,1283.0,108.37145931285959,112.23460284083394,131614.0
280,1285.0,106.31545748378056,118.42864836896054,130355.0
280,1280.0,111.15781010338249,112.36399454392028,130824.0
280,1279.0,103.58704504418205,124.60380761144393,130963.0
280,1281.0,107.03270764611719,113.11935157845514,131137.0
280,1284.0,108.53633031803676,114.14846952689535,131057.0
280,1287.0,107.1755232117238,114.81475695728868,131427.0
280,1286.0,108.14249663207234,114.78959669750054,132192.0
283,1299.0,123.97246991103407,130.24340545799944,131631.0
283,1301.0,125.04724402756956,126.02052997868921,132328.0
283,1300.0,124.81102643260574,129.7332336574611,131181.0
283,1304.0,122.86387929171194,120.95137617102975,132658.0
283,1303.0,122.55296356782965,125.8893005219493,135935.0
283,1305.0,117.74923584720801,114.18192617822534,127896.0
291,1416.0,149.00248131093082,141.0345316729826,139045.0
291,1418.0,149.0361848362116,140.79330652621798,135851.0
291,1413.0,148.84342372744905,141.1908785455055,136166.0
291,1414.0,149.36217026485133,140.8119260618678,135282.0
291,1419.0,149.18186453128308,140.6273223687642,137258.0
291,1411.0,148.72900141865216,140.77212724018108,134851.0
291,1420.0,149.12843676090787,140.67450912226548,135169.0
291,1421.0,148.80690109281767,140.89611240226878,140255.0
291,1423.0,148.46265323366995,141.18844041299437,137136.0
291,1422.0,148.94893224136456,140.71474696490267,137210.0
291,1427.0,149.03554782835437,140.8979287483967,137197.0
291,1425.0,149.42454288277045,140.8119590047287,139074.0
291,1429.0,148.44755135762222,141.51163507216447,130976.0
291,1428.0,148.4059677768941,141.39618323607309,131555.0
291,1424.0,148.92617902970335,141.0024736382847,136190.0
291,1430.0,148.7685925523756,141.08417109249257,134202.0
291,1431.0,148.51008625042522,140.75075066895135,137452.0
291,1434.0,148.7959101127267,141.25738838042653,132476.0
291,1426.0,148.96145188714922,140.49305560915892,135327.0
291,1435.0,148.84171468534544,141.20719677129708,134316.0
291,1433.0,148.4302649861097,140.9969716994934,135467.0
291,1436.0,148.8277143309774,140.9856987243436,136008.0
291,1441.0,148.70804324126388,141.49463786404124,139657.0
291,1438.0,148.89681498690462,140.94584445341314,133245.0
291,1432.0,148.7899096888513,140.90141008603464,132899.0
291,1437.0,149.0857590407285,140.85623330796335,137432.0
291,1443.0,148.60392341285066,141.05481110504425,135026.0
291,1439.0,148.79933179646423,141.17477991260182,132013.0
291,1442.0,148.86238185127232,141.67049662565495,136722.0
291,1445.0,147.94054791464131,141.31989758570361,136454.0
291,1444.0,148.39817312941165,141.44489733062395,136142.0
291,1450.0,148.48703500252364,141.61116195929384,133526.0
291,1446.0,147.94908284803375,141.09106307212892,133045.0
291,1447.0,148.19767401574822,141.05400978371406,134626.0
291,1448.0,148.5164424285291,141.31365750369383,137460.0
291,1449.0,149.02303115762697,140.8041779392543,133042.0
291,1440.0,149.83333054515748,141.07176600670454,131661.0
291,1452.0,148.86448278663696,140.7449914867619,133698.0
291,1453.0,148.516646655727,141.29396551082294,134801.0
291,1454.0,148.62379804477942,141.09814475575646,135807.0
291,1455.0,148.27343217017994,140.96465061311446,137429.0
291,1457.0,148.36104098340934,141.16384722753432,135076.0
291,1451.0,148.60630357253558,141.67143095675243,137199.0
291,1456.0,148.51504349307774,141.28901829972605,136344.0
291,1458.0,148.4220774335907,140.78010320776178,135462.0
291,1462.0,149.42337086743436,140.92081946090642,139836.0
291,1465.0,149.09060221250044,140.08072774230473,134976.0
291,1460.0,149.2746761932313,140.9690257528519,132216.0
291,1459.0,148.8971600937005,140.40781535295918,135727.0
291,1463.0,149.061164387603,140.26692544888206,139774.0
291,1461.0,149.39159523590902,141.44715333278165,134788.0
291,1464.0,149.38533683352793,139.03618060699503,130439.0
291,1472.0,147.95202877763714,140.5287275565519,135920.0
291,1466.0,148.64011020935985,140.52480274313967,132048.0
291,1468.0,149.33261464789203,140.2687932375121,132924.0
291,1469.0,148.0189898899031,141.29170185711016,131731.0
291,1467.0,148.9347545788539,140.45982263708015,138281.0
291,1474.0,149.58295034058395,140.63941180227602,138204.0
291,1475.0,149.50404249614868,140.07863798996078,137249.0
291,1478.0,149.35412903824468,140.19864752185865,133720.0
291,1471.0,148.88400313077463,140.41486057808302,137729.0
291,1477.0,149.2326391382589,140.07205141013011,139949.0
291,1479.0,148.7823852039207,140.1906323808075,136180.0
291,1470.0,148.9378428926991,140.4997750508016,137676.0
291,1473.0,149.05896197648002,140.15876273574335,136708.0
291,1476.0,149.260031584932,140.35913119668712,135224.0
291,1480.0,149.32818657268393,140.27091615261605,134797.0
291,1483.0,149.1929176562462,139.90701898778508,136392.0
291,1482.0,149.47270724926972,140.114855481764,135502.0
291,1481.0,149.19739947826181,139.90590507021616,134935.0
291,1486.0,149.2047373036069,139.81710378263847,134474.0
291,1484.0,148.94623830391546,140.03885513692475,134769.0
291,1485.0,149.17683692336556,139.7945662366076,136953.0
291,1491.0,148.9949313948594,139.35432964345978,137784.0
291,1488.0,149.04617690257842,140.10530430899607,138754.0
291,1489.0,148.70418354384782,139.8011453817635,138604.0
291,1493.0,149.16108596206723,139.94045807808192,135167.0
291,1490.0,149.015813855624,139.67346608658892,137115.0
291,1371.0,156.8678635953107,145.70869966227505,133560.0
291,1373.0,149.36243010822034,141.19246160249864,132384.0
291,1372.0,156.1416280698071,144.71274273028604,132111.0
291,1376.0,149.05301452450607,140.6521446085384,136635.0
291,1492.0,149.32980073198723,140.13941781340893,138117.0
291,1487.0,149.4204388982726,140.08437133860326,141164.0
291,1374.0,149.01327173364623,140.94761134763758,139987.0
291,1378.0,149.0514119430518,140.69083403005675,136169.0
291,1380.0,149.19891294703615,141.54729042095323,135016.0
291,1494.0,149.10076514995228,140.32830780954194,137350.0
291,1377.0,148.82137193204224,141.07007040950876,135268.0
291,1383.0,149.29600751743953,140.5823511273413,136788.0
291,1495.0,149.3441223883025,140.49374691103358,139788.0
291,1375.0,149.25220228090723,141.63253163248518,137785.0
291,1497.0,149.0028684104286,139.69053599109714,137576.0
291,1381.0,149.62093906431932,140.9983229858558,136460.0
291,1499.0,149.1861836166281,140.03325032792864,138507.0
291,1387.0,148.42896331968208,140.54218953800736,134667.0
291,1496.0,149.0443712315269,140.34111425404794,134880.0
291,1385.0,148.65736006612798,141.2478025520757,138279.0
291,1500.0,149.34102926000713,140.08853792573657,135354.0
291,1498.0,149.32866922045892,139.70825609906476,135240.0
291,1386.0,148.94232118188876,140.79351261216084,135606.0
291,1502.0,149.43780929377937,140.7842143315159,136678.0
291,1501.0,149.25912975509786,139.59332800222526,138828.0
291,1384.0,148.11158038959078,141.02268445101555,137301.0
291,1504.0,149.58971888943947,140.3835557787734,137161.0
291,1503.0,149.79649915959044,140.17563495668574,138442.0
291,1382.0,148.87272303641993,140.67550108848576,136145.0
291,1505.0,150.21995717423036,140.77972658367662,133477.0
291,1506.0,150.02496936187043,140.8318577255083,136008.0
291,1379.0,148.65979991703952,140.71106988280414,137272.0
291,1392.0,148.92925601291347,140.36691474984244,136063.0
291,1509.0,150.71935931971498,141.65953148660014,135484.0
291,1391.0,149.21280027190488,139.9597650715296,137100.0
291,1511.0,153.13961187197953,144.63826607494232,128711.0
291,1388.0,148.57831226311035,140.14095465960264,137962.0
291,1508.0,150.71055340975374,142.09456216589672,138227.0
291,1394.0,148.78789273968215,140.42602504178288,134345.0
291,1507.0,150.3664113913896,141.63682327386812,136227.0
291,1390.0,148.8648489869797,140.36676256685527,136091.0
291,1510.0,150.92440800821288,142.29854667885888,134075.0
291,1395.0,149.1337255856769,140.77677218119268,136173.0
291,1396.0,148.91948928609037,140.09575649775994,137256.0
291,1400.0,149.01968008689943,140.4663800554973,140592.0
291,1397.0,149.36412000639032,140.4237711675913,135161.0
291,1393.0,148.7280681548137,140.75796156460362,133467.0
291,1389.0,148.71341426301308,140.33079335401945,133529.0
291,1398.0,149.35860971333142,140.69450073653041,138218.0
291,1403.0,149.317560707388,140.50140517600676,137407.0
291,1402.0,149.58991726123142,140.27912221395488,139333.0
291,1401.0,149.99779745825356,140.63991659224203,133314.0
291,1405.0,148.6637503353512,140.50700652857768,135226.0
291,1399.0,149.79730197492108,140.3847505365598,132977.0
291,1404.0,148.80972482685826,140.77511564923236,138415.0
291,1406.0,149.28801506227688,140.0500372202967,134677.0
291,1408.0,148.97687341656842,140.59071830120263,139565.0
291,1407.0,148.86758832863887,140.36765163368486,138154.0
291,1410.0,148.5742385677257,140.85158235899402,134507.0
291,1417.0,149.64147876623858,140.8164259649874,134108.0
291,1412.0,149.01103048401828,140.64320684394855,139106.0
291,1409.0,149.33223345148826,140.61261446881355,137097.0
291,1415.0,148.93338721877691,141.03623033897816,135224.0
293,1379.0,93.99712685978722,156.9011097697521,133325.0
293,1381.0,97.91408567464335,153.86263637513198,132358.0
293,1385.0,99.52192368192566,156.56956277509474,133440.0
293,1386.0,109.81730780099414,150.41793158335625,131202.0
293,1380.0,97.07898108743413,154.1876953094993,131227.0
293,1384.0,103.06524048761105,145.93640172205068,132635.0
293,1382.0,99.43041840701127,156.99486145649743,131301.0
293,1383.0,95.59874799107817,146.97552824002295,130815.0
294,1390.0,134.58470656509596,187.66972594362508,130696.0
294,1393.0,116.88812762647188,182.6784264397335,130010.0
294,1387.0,140.01731117673688,175.6128138919711,130178.0
294,1392.0,126.01495200090623,188.5911347935212,131098.0
294,1391.0,128.0185433633151,184.75923992933295,132911.0
294,1388.0,133.53788526401266,176.12701918793658,128554.0
294,1394.0,110.86995041069964,177.0445115461072,129461.0
297,1395.0,95.65941510460223,144.3322580637767,131828.0
297,1396.0,94.32202009375472,149.8250901750413,128722.0
297,1392.0,94.20370590026363,148.56669003862092,131248.0
297,1397.0,92.74218488913438,137.83600564077403,128844.0
297,1394.0,95.05625371735279,148.50304702318516,131106.0
297,1393.0,93.3606112233023,148.89460277844492,136079.0
306,1479.0,125.55717656975581,125.02735664684178,132395.0
306,1475.0,121.21584013410418,119.4998683612475,131522.0
306,1478.0,123.93979916934713,126.1707474108409,131803.0
306,1476.0,115.15511277226382,129.46521182042332,130834.0
306,1477.0,126.5754249236695,127.40984442770244,131871.0
306,1474.0,124.29987846088996,132.76779440390817,131418.0
320,1566.0,98.59518797675719,150.1914090987026,132978.0
320,1564.0,104.06700600909782,155.72389901175887,133382.0
320,1560.0,116.62637140263769,139.51398555218628,131610.0
320,1565.0,98.88010705474531,156.8534594128433,130475.0
320,1561.0,107.43367582800599,129.13091537934815,131065.0
320,1559.0,119.01887483778673,138.22604319688335,131428.0
320,1562.0,101.62176573141475,141.42748082705154,131372.0
320,1563.0,99.66865692855045,142.13542670897218,130157.0
321,1698.0,100.6888676192902,124.48358118949668,136111.0
321,1695.0,100.69339556721087,124.40072302058029,137607.0
321,1697.0,100.90129351611556,124.6743978581557,136668.0
321,1696.0,100.93175735787888,124.58179669210233,136932.0
321,1700.0,100.87062128838055,124.32077345867427,137238.0
321,1701.0,100.53822092202373,124.43094527759423,137642.0
321,1704.0,100.663252460008,124.72044199712067,136329.0
321,1607.0,101.14484199428776,124.99533510327738,136921.0
321,1609.0,100.75190616716345,125.03417097658767,135478.0
321,1703.0,100.62570296424443,124.26893681166266,137237.0
321,1614.0,101.00835451863124,124.99139935035008,132113.0
321,1612.0,100.65893211156421,125.49069342350471,133911.0
321,1705.0,100.73654764667201,124.342912028831,137409.0
321,1613.0,100.69540489011086,124.35898635723107,136751.0
321,1606.0,101.23525553107615,125.41895049833128,129331.0
321,1610.0,100.85471386303988,125.22761204111688,135530.0
321,1608.0,101.30277190452189,124.50498444758283,133617.0
321,1611.0,100.50050425129581,125.22628701029193,133545.0
321,1702.0,100.859692657741,124.58905690437835,138681.0
321,1615.0,100.69073018700993,125.43310017558993,134111.0
321,1710.0,100.5535410489342,124.73655193170293,135484.0
321,1618.0,100.60546218581493,124.30284599130773,135023.0
321,1619.0,100.86932023737961,124.25337058366782,130007.0
321,1706.0,100.66779033896066,124.49607503013634,137388.0
321,1616.0,100.30785646584408,124.96266996857752,134840.0
321,1709.0,100.6634185749044,124.59355166594709,137363.0
321,1622.0,101.04573897175754,125.19170484844689,137470.0
321,1620.0,100.8918538257017,124.66161846126525,129190.0
321,1708.0,100.50416445029649,124.1669169135893,134639.0
321,1624.0,101.06437444658037,124.8224579959687,134436.0
321,1713.0,100.83132097958497,124.70211591041284,138740.0
321,1617.0,100.59920067628538,124.94423621999208,135793.0
321,1712.0,100.41053622915494,124.7102392716819,134667.0
321,1714.0,100.43703053954928,124.43466184374043,136507.0
321,1621.0,101.18089053988501,125.11909990082117,130210.0
321,1627.0,100.68743491224342,124.76781029515058,134216.0
321,1625.0,101.00242640834657,124.80361968621284,135540.0
321,1707.0,100.39796503634564,124.50427587391816,136164.0
321,1623.0,101.33858278087732,124.87851786853847,133886.0
321,1626.0,101.04357994956862,124.62563562062945,134138.0
321,1711.0,100.20316368233918,124.86641651727675,137686.0
321,1628.0,100.49423646308446,124.63573551610786,133829.0
321,1635.0,100.84547901997306,125.13625936557284,136345.0
321,1717.0,100.48284403088648,124.4836026934045,138169.0
321,1632.0,100.9238729410605,125.00711432348078,137764.0
321,1629.0,100.84241318587264,124.70478543333498,136347.0
321,1715.0,100.45934769512506,124.55289925787726,136818.0
321,1718.0,100.67071906067018,124.08088301819099,139005.0
321,1630.0,101.00350894047241,124.8310302969022,133905.0
321,1634.0,100.77573776869231,124.72419281577024,137856.0
321,1633.0,101.02885364269524,124.98438240224587,137095.0
321,1720.0,100.78601380140125,124.07978662046582,129968.0
321,1638.0,100.94173325725238,125.4285260086316,129961.0
321,1637.0,100.75458163276596,125.08457440561689,131847.0
321,1641.0,100.68180246532343,124.82009442484713,136082.0
321,1631.0,100.84516224333593,124.69243961921462,136972.0
321,1716.0,100.63747634770016,124.49414475965943,136241.0
321,1636.0,101.29238933098299,124.67231111904964,131467.0
321,1640.0,100.86402603395362,125.45110375843954,129367.0
321,1721.0,100.53278765710608,124.54662434936193,130012.0
321,1642.0,101.18041067708033,124.84816105483202,134138.0
321,1639.0,101.23539707643684,125.65030965051918,130524.0
321,1719.0,100.69490982295177,124.4958592507775,136123.0
321,1643.0,100.74475151227182,125.12588265032157,135921.0
321,1644.0,100.8465245465214,124.79624826048767,135254.0
321,1722.0,100.90063722015682,124.4207789499668,130270.0
321,1726.0,100.5532323832134,124.65306403944071,129122.0
321,1647.0,100.9428818496734,124.6470693105749,133636.0
321,1646.0,101.15362125477432,125.24023591044296,137088.0
321,1648.0,100.80258618108799,125.33016390563137,137642.0
321,1729.0,100.19206308813638,124.68523298225765,128693.0
321,1650.0,100.91105408353779,125.19762844075348,137614.0
321,1724.0,100.62954557674027,124.04861215046414,132173.0
321,1653.0,100.90937035547091,124.71359257112255,135003.0
321,1727.0,100.52815549241839,124.43214257354877,133444.0
321,1645.0,101.15827147917241,125.06194462212474,137319.0
321,1723.0,100.62391401222973,123.90338098390224,134170.0
321,1725.0,101.1315702443305,124.20797134894941,129869.0
321,1728.0,100.7645534553415,124.13868444854461,135622.0
321,1651.0,101.01264492172112,124.91486244121347,137881.0
321,1652.0,100.91282164052414,124.78080482238448,134814.0
321,1655.0,100.99471022531566,124.662231935045,137325.0
321,1649.0,100.750565395754,125.22894328939013,135803.0
321,1654.0,101.18616736653185,124.70362296263625,136730.0
321,1657.0,101.38497548575809,125.040896475886,135951.0
321,1658.0,100.74079181490285,125.07268440243392,135744.0
321,1660.0,101.06096720829194,124.316337329813,137770.0
321,1656.0,100.93150978685907,124.58133978065935,135333.0
321,1661.0,101.1531373303205,124.81327503927584,136086.0
321,1663.0,100.82652846367931,124.367706667158,138963.0
321,1659.0,100.9880077674618,124.05929471394133,137010.0
321,1664.0,101.1260630914407,124.52991995597115,136069.0
321,1667.0,101.41212944328075,124.51955756109167,137357.0
321,1666.0,100.92898693185768,125.04121965743964,137758.0
321,1668.0,100.89318784976082,124.39832270245228,140740.0
321,1662.0,101.31587244829102,124.61823986314604,135912.0
321,1671.0,100.41765533962351,125.01140227332822,130710.0
321,1670.0,100.57384475999042,124.45286436000615,133292.0
321,1665.0,101.0892250123758,124.3546779128401,137827.0
321,1673.0,101.04129876107275,124.52403999656045,135969.0
321,1669.0,101.10423335252516,124.6016873049746,137027.0
321,1675.0,101.06044039007364,124.58887536021584,139261.0
321,1672.0,101.14329878320908,124.67923098846332,134081.0
321,1674.0,101.06046031016002,124.71751145318369,135513.0
321,1676.0,100.92994699233721,124.95632600766112,134568.0
321,1679.0,100.92159734614904,124.59791585926148,135538.0
321,1678.0,100.90412739409665,124.26805480891895,137232.0
321,1682.0,101.20869275308486,124.44404131329956,137842.0
321,1681.0,101.0547550081476,124.1753144522781,135302.0
321,1677.0,101.39971181868123,124.30009337412706,137718.0
321,1683.0,101.03905620942233,124.00099027763675,139337.0
321,1680.0,101.10263299270518,124.76043159307692,136606.0
321,1685.0,101.11806468932097,124.45139287705322,135508.0
321,1686.0,100.73359309581764,124.80588169196211,135586.0
321,1688.0,100.87175193294814,124.1936489731559,135834.0
321,1684.0,100.8656247702215,124.50213446820592,136158.0
321,1687.0,101.05710552421294,124.49053407525382,138372.0
321,1692.0,100.6585039174285,124.12382501129156,142011.0
321,1691.0,100.83873360746948,124.52849456746036,139316.0
321,1690.0,101.05973157707534,124.42212978268826,139711.0
321,1689.0,100.71298452643734,124.87259769915522,136243.0
321,1694.0,100.75532749605193,125.06955732194835,140970.0
321,1693.0,100.724307944081,124.6762962377722,139364.0
321,1699.0,100.882543691477,124.81581305285887,136939.0
322,1621.0,151.38421589463013,142.84446489495008,135209.0
322,1627.0,147.456732087944,141.9723726048751,132459.0
322,1625.0,148.82597854094493,143.38557623572027,132823.0
322,1623.0,152.82468914543128,142.34559356875954,136400.0
322,1618.0,153.84544883618372,140.64887476070658,133920.0
322,1626.0,147.2128914874201,141.5708495668316,133886.0
322,1628.0,151.22040557598143,142.83507781428818,131851.0
322,1619.0,152.9753319018732,140.9167367064337,128755.0
322,1616.0,152.0791074486692,139.24211906354626,131483.0
322,1629.0,154.1568993199685,142.8371279564927,131039.0
322,1622.0,151.8552302830922,143.27982358689945,133825.0
322,1630.0,151.59899433565445,141.93861218965387,130868.0
322,1620.0,151.52165497417292,142.96542330780053,135217.0
322,1624.0,150.974863492477,141.17402502476244,134201.0
322,1617.0,153.05645080980318,140.6266907738963,135051.0
323,1635.0,154.41197540712204,140.4500116402029,130998.0
323,1641.0,159.26690146922266,144.74977379887028,131141.0
323,1636.0,155.37115106870328,140.77965191480882,131100.0
323,1640.0,156.85008730167388,141.90226771802827,130980.0
323,1634.0,155.01318600456108,140.83707469028937,130662.0
323,1633.0,156.4158863316542,141.41246398483392,129682.0
323,1639.0,156.2979085516733,142.8154614344468,130712.0
323,1638.0,156.63224814207229,141.5020933079576,131905.0
323,1643.0,155.7644725151924,142.63154603326595,130309.0
323,1637.0,155.5554021342615,139.71931762257444,133015.0
323,1644.0,157.51662016988934,142.24218168719702,130841.0
325,1652.0,116.51239176213718,120.85824553680553,129083.0
325,1647.0,136.3947301045236,130.26441228116897,130093.0
325,1650.0,116.98694072584972,121.61229409674543,133976.0
325,1648.0,132.04847939754148,129.05083182559073,131648.0
325,1651.0,113.80157571555293,125.83570252361943,135139.0
326,1652.0,129.04956761386518,174.18870744550927,130128.0
326,1650.0,127.8140150524261,174.06939070884846,129626.0
326,1655.0,131.8481648824264,177.82658147076344,129015.0
326,1653.0,128.02670590887757,174.765886403851,129374.0
326,1654.0,130.24676943969064,176.7739550841974,130531.0
326,1651.0,127.88106697788511,174.1273261792468,131604.0
328,1660.0,98.22442842670134,136.7691085689942,129943.0
328,1656.0,94.7238734825751,146.3711463753487,131676.0
328,1661.0,96.08487766811666,132.67896015302392,133315.0
328,1657.0,97.24640116616251,136.35817342877226,131418.0
328,1658.0,108.46969797382462,133.81184466858755,132180.0
329,1665.0,126.02285301244608,172.7410601543085,130700.0
329,1660.0,123.38217636549139,167.97736222140108,131024.0
329,1664.0,125.79981412186552,172.1964702691484,129602.0
329,1666.0,124.67783092306804,175.85938507503104,130484.0
329,1661.0,122.95919293221074,170.89276470110164,129131.0
329,1663.0,124.31057848584398,173.6218273185463,131651.0
329,1659.0,125.47106615039581,167.50834711346056,130366.0
332,1674.0,122.26435270511371,181.74397013608197,129643.0
332,1673.0,124.205674505246,179.20228586748203,129162.0
332,1669.0,110.39527027414685,176.36900285283312,130234.0
332,1672.0,120.7718024533071,179.8590582936374,129212.0
332,1671.0,119.11629843072681,183.01373530357205,128689.0
332,1670.0,120.28000212219202,181.92255910900587,130155.0
337,1690.0,143.96031649217045,134.26832883313526,129462.0
337,1688.0,142.51748832921277,144.77368302659852,131903.0
337,1689.0,147.12098235057582,138.7575882354207,131643.0
337,1685.0,141.8862364389432,141.03142647138714,132001.0
337,1687.0,144.75000835210955,148.77173570945968,134818.0
337,1686.0,151.18330272740303,143.54057573075468,131758.0
346,1712.0,128.93548950745762,185.42796092232376,134762.0
346,1714.0,126.14587855805178,185.1140574945298,134962.0
346,1707.0,133.93515321371044,184.66606937359268,128664.0
346,1711.0,130.74478593574153,186.0129047681154,134437.0
346,1717.0,134.3422505714792,179.9098232804079,132441.0
346,1715.0,130.16489763175292,182.67847948740467,130994.0
346,1718.0,135.97300488951302,178.48347917835144,132412.0
346,1704.0,143.49869130618163,184.10843032677525,132961.0
346,1720.0,137.03208380968786,176.74069170999525,132053.0
346,1703.0,141.1130725223557,182.8881780997382,135286.0
346,1716.0,131.4888211486184,182.27790647648172,135717.0
346,1705.0,134.6359037320545,183.72568506605623,131190.0
346,1721.0,135.04573631080575,173.75439504439012,131561.0
346,1719.0,137.25753879378152,177.18385426184085,129727.0
346,1722.0,131.60175177574143,178.12120641434745,135548.0
346,1710.0,131.7054889214573,186.59687440355387,130177.0
346,1726.0,134.15597097000398,182.98039039446246,134653.0
346,1729.0,138.42214317659966,185.81029097095148,130768.0
346,1706.0,134.83880117732454,184.19250867902392,133146.0
346,1724.0,131.2850381327908,180.7322653468438,131404.0
346,1727.0,138.2772155287869,184.42410163305584,131131.0
346,1709.0,133.4934684269817,183.5037307595924,136628.0
346,1708.0,133.69471837902097,184.03747709224285,133057.0
346,1723.0,131.94914679789116,178.89079901825073,135440.0
346,1713.0,127.17662967673732,185.9570746070161,137356.0
346,1725.0,132.73492689544025,179.91973845785472,136091.0
346,1728.0,137.3534310975576,184.9097069723273,133576.0
350,1721.0,94.21413867683582,112.72163952137507,134199.0
350,1724.0,103.0,108.0,129581.0
350,1719.0,93.68967649163382,116.24168949079399,130850.0
350,1723.0,100.0,108.0,134249.0
350,1720.0,92.96725602044431,118.53454474058707,130891.0
351,1777.0,171.4560603547345,167.75224471980036,136122.0
351,1780.0,170.80257718421322,168.21277948418293,134437.0
351,1770.0,171.2052557366275,167.38186994628134,135847.0
351,1778.0,171.2399951740935,167.53581404298617,135950.0
351,1782.0,171.07428699175057,168.32469562069733,137073.0
351,1781.0,171.3311009851784,168.70594960669445,134698.0
351,1783.0,172.82722960400125,169.69796452897808,132532.0
351,1743.0,171.47882595221608,165.6039099869127,128600.0
351,1787.0,171.12758462490004,167.68564354245424,135701.0
351,1785.0,171.52587902933425,168.80943944214812,130604.0
351,1786.0,171.4487653698548,168.19074646759617,135030.0
351,1745.0,171.26882566503352,164.921626672188,131310.0
351,1784.0,171.15531359946021,169.20550084530026,135061.0
351,1744.0,171.47594475611132,165.10449160270966,139024.0
351,1749.0,171.61511520002355,164.83587504141053,139056.0
351,1788.0,171.17749881874184,168.671316431015,131261.0
351,1752.0,171.9215460635329,164.8324637933913,136666.0
351,1751.0,171.8199155521494,164.61484305597037,137596.0
351,1746.0,171.78722018804896,164.81912491631522,137850.0
351,1748.0,171.7170952228616,164.46705813579203,139158.0
351,1754.0,172.0652244037626,164.62146882186957,135025.0
351,1756.0,172.08368755247463,164.82655996093771,134593.0
351,1755.0,172.04844991720725,164.67890342484787,134736.0
351,1747.0,171.78325806074767,164.84956251783885,139008.0
351,1750.0,171.94603413007152,164.9136531520505,138911.0
351,1758.0,171.90571707281808,164.88807066470548,139145.0
351,1753.0,171.97261536531235,164.61852627784972,137071.0
351,1757.0,171.73900560035887,164.30794808260416,137704.0
351,1760.0,171.6267307093558,164.9219576997513,135514.0
351,1759.0,171.83320824751536,164.97528787753785,139321.0
351,1763.0,171.4537304974009,164.9374865127189,136892.0
351,1761.0,171.7493904669481,165.15382131635002,133248.0
351,1762.0,171.6748560964108,164.8028150631982,137123.0
351,1766.0,167.8555381681535,167.09189563698237,136146.0
351,1768.0,171.6639169596156,167.46792811628907,133934.0
351,1771.0,172.31771995145823,168.53352903327797,137973.0
351,1765.0,169.16912580570303,166.6742375620851,137042.0
351,1773.0,172.26228190674243,168.05111014368228,132377.0
351,1767.0,170.4165501786449,168.27611772539805,136688.0
351,1769.0,171.91542136233474,169.12291958590572,135600.0
351,1764.0,168.74803380545941,166.37116622394072,135096.0
351,1772.0,172.08129980986905,167.6559698422124,135660.0
351,1775.0,171.8873158703545,168.75389992761254,135264.0
351,1776.0,171.48984041272342,169.33223731968658,135670.0
351,1774.0,172.5813386167377,169.6745250874617,133787.0
351,1779.0,172.21022159115532,168.13410981428632,135816.0
358,1820.0,180.78036772626967,177.18967924759679,137778.0
358,1822.0,180.43575624691798,172.9102644472042,136075.0
358,1812.0,182.47219448707924,176.87168373186424,136445.0
358,1819.0,181.92092311321187,176.26338575159903,137028.0
358,1823.0,177.87099895764987,168.27460022934065,134422.0
358,1813.0,181.900464774754,176.98837145532892,139143.0
358,1818.0,181.36816705478458,175.09101420738108,137931.0
358,1814.0,182.24199050260347,177.39131290519953,136582.0
358,1817.0,180.39497639154874,175.89509353216314,135703.0
358,1816.0,181.85870817790763,177.00647150224003,137584.0
391,2081.0,134.6505643654432,135.95165024362612,130427.0
391,2080.0,129.67487895754124,144.89776951632086,129980.0
391,2084.0,137.12392127513968,135.28031420239563,129825.0
391,2083.0,138.59029233311222,134.18570931359224,131768.0
391,2079.0,129.7933386139097,142.81330940245198,129348.0
395,2173.0,135.90061458861874,152.91424660239747,130366.0
395,2170.0,117.48352099475044,140.88243697288056,128802.0
395,2174.0,132.97361566838126,152.73768193998333,130890.0
395,2172.0,136.45533255318176,151.79944006938172,133447.0
395,2176.0,131.64969254042015,153.0298433239207,130341.0
395,2171.0,125.27411184418969,140.01862303524803,130634.0
395,2169.0,126.47889297245015,141.47530262544484,131753.0
395,2175.0,132.27319163034502,160.90823076705058,130041.0
395,2168.0,117.14542813120087,148.55710992736945,131157.0
396,2181.0,126.25835680538853,175.50188426640526,130495.0
396,2183.0,138.57656891548152,186.18748742497226,130247.0
396,2178.0,120.04816166143242,175.87951869542613,129732.0
396,2179.0,113.2286591432939,173.48137484976812,130838.0
396,2184.0,123.08484938541466,187.45995752381307,131423.0
396,2180.0,118.25527352554803,169.61558461208878,131954.0
404,2247.0,115.73170801393458,148.23433619366654,137054.0
404,2244.0,117.1171325773237,151.35135237376736,129107.0
404,2246.0,115.82071860384478,148.13596889401265,138319.0
404,2249.0,126.57479598949384,148.22488988644986,131445.0
404,2245.0,120.37793212579237,148.275567422185,141927.0
404,2248.0,112.0,149.0,136298.0
405,2257.0,116.18760338912791,145.86779945535062,140161.0
405,2253.0,117.56859399668724,149.32632162715896,140039.0
405,2259.0,113.97540103940266,151.46884979129644,133085.0
405,2252.0,117.85468047738253,148.356658581726,136278.0
405,2249.0,108.28375833881879,144.8830078307604,134923.0
405,2248.0,111.2659296702282,145.81510476780193,136156.0
405,2254.0,119.24734325614237,147.91770228212064,132658.0
405,2255.0,119.16754785281408,145.87989011192127,135443.0
405,2250.0,107.83740023028169,146.961820396886,137930.0
405,2256.0,117.22681035441278,144.79334178165027,136705.0
405,2251.0,114.8039564180833,148.55818784300894,136624.0
405,2258.0,115.62197054248792,145.75213000844735,137221.0
408,2261.0,115.19591654388923,148.1362716142988,136557.0
408,2265.0,117.41453193247276,150.75930675765417,136023.0
408,2266.0,120.23980329820627,150.42887470627633,132033.0
408,2269.0,121.96795272898028,149.80868010058688,130368.0
408,2263.0,115.61394334440254,149.5020340772418,135888.0
408,2262.0,113.30744263743273,148.36868796143833,137395.0
408,2264.0,117.12530991924093,150.33460689961206,134729.0
408,2258.0,118.9723489760971,142.35836165229588,136675.0
408,2259.0,116.42424399870197,146.21269917300353,132779.0
408,2260.0,115.01733234220173,148.07847960586483,135783.0
408,2268.0,119.67084769160789,151.12815361376238,132220.0
418,2323.0,151.49597244239663,193.9428628738747,132865.0
418,2328.0,156.66377382504348,194.3056349895624,128065.0
418,2330.0,154.76802339867362,191.80306527305885,133061.0
418,2332.0,151.02633710958636,190.8333506506916,132403.0
418,2329.0,156.02501284061978,193.85544048800983,132325.0
418,2331.0,151.9178987905966,192.09681630075423,130434.0
418,2334.0,152.91748673562392,192.6666413962648,132112.0
418,2337.0,152.28763702528298,191.1391471877465,129882.0
418,2336.0,153.85634451610412,191.63759498883238,131350.0
418,2335.0,152.9220542115809,192.5587809277247,132656.0
418,2343.0,157.09931327392343,192.04986136662833,132433.0
418,2341.0,155.7512451230673,190.78863734887528,128672.0
418,2340.0,152.0116778061794,192.55979836073553,130401.0
418,2338.0,152.19717375818573,191.80754549991886,129899.0
418,2347.0,148.28431008997958,190.66633221458153,128871.0
418,2339.0,151.56208564750895,191.92360441412404,131456.0
418,2333.0,151.9168286383729,190.32506229496593,133826.0
418,2344.0,156.81022133267996,195.7040069188737,130400.0
418,2346.0,152.779745971782,191.57660541712252,132354.0
418,2348.0,150.31134094060536,191.92888249536497,132596.0
418,2350.0,151.80413096551806,188.25770319965034,134495.0
418,2349.0,153.43215594125832,189.71277586941588,136062.0
418,2351.0,155.45924554285844,189.9115502337938,130543.0
418,2352.0,155.36559702450154,187.49743119698653,128930.0
418,2356.0,150.7808981575459,184.3455215495618,129341.0
418,2353.0,154.9153039607241,186.72474637605526,128868.0
418,2359.0,150.95205598541355,180.21192428929797,134817.0
418,2354.0,156.04831742400015,185.36155990872837,130446.0
418,2357.0,148.23222462270232,182.4367943295439,132725.0
418,2358.0,150.34584898954614,180.58201378298128,135828.0
418,2360.0,147.19378234285722,184.63183752633034,130686.0
418,2355.0,154.06861272588037,183.54909770212214,129628.0
418,2324.0,151.70648249191075,194.11160261596748,133110.0
418,2362.0,143.17300454484558,187.5273402757044,134369.0
418,2326.0,155.46497562565412,193.15112302246357,130980.0
418,2361.0,143.1286883474903,187.3877339266228,134318.0
418,2327.0,155.59626744908482,191.63432044073397,127428.0
418,2325.0,153.70087623565394,195.2027890533944,130629.0
434,2520.0,159.70279508314565,148.10384345815413,131147.0
434,2523.0,159.38960763187606,148.3367423875801,133035.0
434,2516.0,156.44605449242678,146.56427057267445,135535.0
434,2519.0,159.62561943296464,148.2832367090512,132466.0
434,2521.0,157.94721468330212,147.1659242576846,129150.0
434,2518.0,160.1555349004127,148.58430977314197,132443.0
434,2522.0,158.16501419719359,149.71260838487905,132904.0
434,2517.0,157.461058738545,147.68438176032876,130087.0
445,2571.0,155.3329104493305,146.87998153818415,129953.0
445,2575.0,157.62061422901365,146.00047004749493,128275.0
445,2568.0,154.08468852849165,154.66890421170675,128054.0
445,2570.0,154.28495159545335,148.4072403077189,128194.0
445,2569.0,155.282323358381,152.51011997772756,129170.0
445,2572.0,157.2379090288169,146.2045371110357,129787.0
445,2573.0,157.78776869799472,146.30797711675612,127711.0
445,2574.0,157.1542031925738,145.58595690124886,129914.0
449,2590.0,132.15150404916855,147.47701449134365,131683.0
449,2589.0,131.82833822097012,147.48377791458444,132625.0
449,2595.0,132.5225799104175,147.82725006729243,129059.0
449,2593.0,132.87630567067623,147.494051944614,130438.0
449,2591.0,132.0333802481442,147.83757459867056,131194.0
449,2598.0,132.04842467990835,147.15090508066726,129792.0
449,2599.0,132.4610221011543,147.69065696062998,128731.0
449,2592.0,132.5543557736376,147.02329938267738,132378.0
449,2603.0,131.8891531441214,147.30267822706034,128568.0
449,2600.0,132.25572437915096,147.69368536462275,131080.0
449,2596.0,131.90883191170676,147.15253834499615,129249.0
449,2597.0,131.79909815696882,147.03520700627908,130416.0
449,2594.0,132.5362610322796,146.70728074957137,130043.0
449,2602.0,131.28099833302778,147.77304171510767,129371.0
449,2601.0,131.97088853096574,147.962089068465,131218.0
449,2607.0,131.89174960705827,148.19913296819468,132421.0
449,2608.0,131.55803307301846,148.36620768910745,130450.0
449,2604.0,131.87254773358953,146.9294813557624,130463.0
449,2606.0,131.94021578007505,147.8257192762311,130956.0
449,2612.0,132.28008557060264,146.3856171379175,129396.0
449,2610.0,132.21671786830385,146.47208363211112,130258.0
449,2605.0,131.97848709612686,146.7364805015673,130665.0
449,2609.0,131.58270215988867,147.91238464318394,129381.0
449,2613.0,131.74305351667556,147.38443210242704,128920.0
449,2611.0,132.11620836300168,146.6626907025656,130531.0
457,2739.0,178.54255668451836,176.1494287113736,131780.0
457,2735.0,169.86689612491446,154.09256725756535,131275.0
457,2740.0,179.409533072087,186.33169625273683,136472.0
457,2741.0,171.4342517924779,196.97445669105406,130623.0
457,2738.0,177.91114846370593,166.11210660851432,133250.0
457,2737.0,174.05950535587382,164.39667212774626,134805.0
457,2736.0,164.44759091111123,163.65760370374883,135939.0
458,2747.0,180.42179312495287,190.04241325766168,138273.0
458,2745.0,175.95316715224948,195.82646064477413,134627.0
458,2750.0,176.76476310719684,194.57567546275743,133313.0
458,2742.0,176.09327356629103,180.13856667109877,133407.0
458,2749.0,178.4362246677452,193.42150948568235,132963.0
458,2746.0,173.52561326977113,194.74177115090984,139778.0
458,2743.0,178.5036800631718,185.3940187320979,135694.0
459,2750.0,176.92936059570852,176.65420305037415,130300.0
459,2755.0,176.94157972706998,183.71603727803094,131623.0
459,2753.0,178.87913282070377,177.4121347821298,129058.0
459,2751.0,177.77549034695636,170.5814198218683,129439.0
459,2754.0,175.62323136018074,188.39263523390898,135579.0
463,2775.0,172.20094090612835,162.5045148332325,132943.0
463,2774.0,172.69868266440824,162.46821355791542,133750.0
463,2772.0,165.58967199812193,152.29206130088735,131291.0
463,2771.0,162.81627198014718,151.16266520412367,131034.0
463,2776.0,170.54311371880908,164.92826880593162,130036.0
463,2773.0,164.39593430117114,158.9982914886252,134233.0
