0,6.0,217.64916921362092,147.45834128223427,88742.0
0,1.0,214.88915558844946,145.74192003485618,93176.0
0,5.0,217.1207715182215,145.61176493638837,89404.0
0,4.0,214.4137687359454,146.77629333498174,89975.0
0,0.0,216.70430430373727,144.65245416876434,93612.0
0,3.0,215.2546515914063,145.44261983166405,91476.0
0,2.0,215.40378614873433,145.88926731676546,93080.0
2,8.0,144.3808585811646,128.23794682350027,86800.0
2,9.0,142.27734799612543,127.39756011635022,88480.0
2,4.0,152.04385649066685,125.88722241501839,91018.0
2,7.0,147.7939435589282,126.17800472463392,87465.0
2,5.0,149.77923299530227,124.04857404094652,92073.0
2,13.0,143.72324678846735,126.34611198462169,87911.0
2,0.0,155.11803331754666,122.14767890825438,89271.0
2,10.0,145.00363382388065,126.3880734783559,91227.0
2,12.0,142.78579727440518,126.19566164919874,88310.0
2,14.0,143.7973471419974,126.32372263856057,84082.0
2,2.0,150.1539053522781,124.99086239338918,93282.0
2,6.0,149.19648013464956,128.10520230925457,86944.0
2,11.0,144.96985838567468,125.39600029144167,88942.0
2,1.0,150.44932327038475,121.56797663779432,88844.0
2,3.0,152.01566593731422,126.62323558430155,88892.0
3,8.0,137.76831946072414,130.15819232835415,86917.0
3,4.0,140.12927370462037,130.7922862229751,93592.0
3,6.0,140.44483416290794,130.16725759485126,93861.0
3,7.0,140.0190367616537,129.73597399094783,91946.0
3,3.0,140.89692680623546,136.04455427461613,90372.0
3,1.0,140.62850647443608,140.64460580547816,88640.0
3,5.0,140.39507006272845,129.91999141925731,94374.0
3,2.0,140.46671899378327,137.61178722689792,89431.0
3,0.0,142.3503599705962,138.3135309002749,91933.0
6,8.0,190.0,112.0,86797.0
6,9.0,188.17401745670347,110.10967995443178,88025.0
6,10.0,188.99369255901993,108.26409657151083,87760.0
6,4.0,185.29086511599718,107.01989524373717,84202.0
6,6.0,186.89145260887085,112.26989320259405,88761.0
6,7.0,189.43506604738735,112.73358483930564,90305.0
6,5.0,185.87027947035116,106.39290116298068,86161.0
8,34.0,187.683269735446,109.64450733629737,90776.0
8,19.0,188.72595834453764,109.46664249163308,90309.0
8,37.0,189.27824121126864,108.29099030021402,88196.0
8,23.0,189.62039234150242,108.940935319447,89480.0
8,36.0,188.8723851256806,109.06997791186727,90095.0
8,24.0,189.13754606849176,109.27364615384668,89163.0
8,35.0,188.65055064492947,109.6573767001641,88884.0
8,14.0,189.49451481210667,110.28938553556638,89430.0
8,38.0,189.51500426753273,108.2663346979905,84998.0
8,32.0,188.46679846505776,109.42104680992828,89889.0
8,25.0,188.3799548546573,109.095576816337,88888.0
8,15.0,188.80503773470596,109.6532099671671,88871.0
8,21.0,189.6264819565923,109.00713950301474,88103.0
8,30.0,188.47727289811053,108.46197312405509,90704.0
8,22.0,189.45163562970197,109.16016037164482,89502.0
8,28.0,189.00704188172904,109.5588780101534,88811.0
8,13.0,189.7935370383963,108.8178626406703,89713.0
8,31.0,188.89972263066014,108.20298722392694,88043.0
8,17.0,188.73868253552695,109.68284080430321,89070.0
8,16.0,189.00613471034308,109.40925137544066,90200.0
8,26.0,188.64011336641548,108.99251700112586,89067.0
8,27.0,189.1240419641144,109.79913046504407,90011.0
8,29.0,188.79568049455432,109.07863730286687,90354.0
8,18.0,188.84357393669728,109.2415180712651,89920.0
8,20.0,188.9585718071094,109.65965508063363,89279.0
8,33.0,189.12871075000237,109.29885401614412,90698.0
9,25.0,208.13666434992666,129.06374203002366,88051.0
9,26.0,205.76016790413775,131.02565837349067,88108.0
9,19.0,209.00928077578436,122.76882440985614,86253.0
9,21.0,209.96824159289068,126.94223348759157,87960.0
9,20.0,213.90679547838872,122.23662929285807,86440.0
9,23.0,221.3170546141493,131.90334109811886,88321.0
9,22.0,217.72974347955423,128.6928452896847,86016.0
9,24.0,212.82212161626694,136.06507775172315,87624.0
10,23.0,170.7277668931609,161.57023335956254,86614.0
10,21.0,170.76145642080962,166.50572962968434,88544.0
10,20.0,173.25801213247505,159.84840233895184,86045.0
10,19.0,170.4290748497152,166.2042811797233,87183.0
10,22.0,173.93649343005856,158.96645343782055,87057.0
12,52.0,194.33051700161792,154.95332557863887,84557.0
12,34.0,194.7774570461371,156.78726190557137,86768.0
12,27.0,195.81792706403127,153.6108586383497,86783.0
12,29.0,197.45200943416364,153.709194497342,86382.0
12,51.0,192.727351164603,154.16390834977307,86694.0
12,37.0,194.1205577114542,156.27372626638413,86536.0
12,35.0,194.21658315202882,156.61108240276567,84632.0
12,39.0,193.44102229031537,155.97620613094972,86884.0
12,32.0,195.1683167077312,153.42553222301657,87031.0
12,38.0,194.03731389683324,155.39320560346036,86466.0
12,36.0,193.99289687509162,156.31573288235782,85393.0
12,40.0,192.85927272974567,155.95334366658125,85983.0
12,30.0,196.02088119619341,155.65692944702892,85049.0
12,28.0,195.6959599745149,152.9425970805978,85548.0
12,42.0,191.73396455120195,154.56199819252927,85773.0
12,41.0,191.61379068815725,155.25640109214424,85777.0
12,46.0,190.17868425713797,154.33064308311205,86958.0
12,31.0,194.350603596616,155.6075744546072,86217.0
12,43.0,192.05533678648496,154.6456193780805,86031.0
12,47.0,190.61122604961892,154.39793317382916,84815.0
12,26.0,195.7592704599142,152.89815474558688,85974.0
12,48.0,190.01146647529987,153.7833313847672,86511.0
12,44.0,191.23575665461493,155.09007054649,86733.0
12,45.0,190.50922499474123,155.43035342037416,84693.0
12,49.0,190.84928633311972,154.70868107808604,87360.0
12,50.0,192.66174933169626,153.48165576626732,84843.0
12,33.0,195.3009647493049,155.8461993359697,84869.0
22,42.0,167.93802181333126,106.3649616130568,85371.0
22,43.0,167.20022560207562,110.20535308821815,88899.0
22,41.0,168.16928639075493,111.28573529236562,88349.0
22,44.0,167.10585079569546,110.12013304853728,90461.0
22,40.0,167.68796877765752,107.18663132398959,86758.0
25,70.0,150.830181658011,127.84603322693853,93728.0
25,68.0,150.3827431773242,127.93803613032905,94784.0
25,75.0,150.4239702072429,128.11659222205407,86236.0
25,65.0,150.60159292871265,128.34919426342265,93229.0
25,72.0,150.6653870807099,128.11274953304084,93275.0
25,74.0,150.28761377319958,128.11574626718885,91175.0
25,73.0,150.37101231759732,127.9375566521765,94277.0
25,67.0,150.57630655885905,127.76551393048315,92421.0
25,64.0,150.083975593571,128.610281660036,85497.0
25,71.0,150.85561932951296,128.05338230620794,93255.0
25,66.0,150.2098814839667,128.6623022947168,90712.0
25,69.0,150.36978925212304,127.71600869256949,89853.0
33,177.0,211.0584694773003,106.76374944586563,84112.0
33,178.0,211.58860278708698,106.09891936011147,83814.0
33,179.0,211.22803605472564,106.18313836536767,84078.0
33,192.0,211.5884911185071,105.09800733765621,82711.0
33,172.0,209.6754875400717,107.56749585389095,84254.0
33,187.0,212.22650029228595,105.40671470589409,87295.0
33,175.0,211.79992598870007,106.78865804677335,85062.0
33,176.0,211.2117525791744,107.27430824383838,84045.0
33,190.0,211.1098694294868,105.53672016101326,86522.0
33,183.0,211.92567386520435,107.09309859040152,85161.0
33,180.0,209.72991263268221,107.32248859909573,83083.0
33,181.0,210.82759406491897,106.02125208269258,84911.0
33,182.0,211.77901962024623,106.34671329729876,84522.0
33,186.0,211.900302303433,105.86465381359432,84911.0
33,188.0,211.80305435985161,105.49419963558657,85591.0
33,184.0,212.3547252656311,106.34965618722653,85141.0
33,173.0,210.30387629755236,108.40618749994589,84148.0
33,185.0,212.00773705513186,105.99608185197688,85461.0
33,174.0,211.19122958390517,106.97344893676615,84840.0
33,191.0,210.97289521601388,106.1643604153034,84606.0
33,171.0,210.09342034954938,108.14394294316953,83688.0
33,169.0,209.45243303657654,108.66283551166183,81967.0
33,189.0,211.23362897372547,105.99981380744926,85628.0
33,170.0,210.18055974305224,107.77571163053778,85032.0
34,190.0,145.9782929940314,147.81842112253707,93060.0
34,186.0,145.40823997684544,145.57627978307556,87945.0
34,183.0,145.6873451212245,146.1023927665832,90663.0
34,187.0,145.62971715829454,146.09960979562624,90122.0
34,184.0,144.15484703706872,145.73864547170888,88971.0
34,182.0,146.1127513671079,145.83676776115033,90409.0
34,185.0,144.47900014357592,145.6087329869724,93164.0
34,191.0,146.2057300036899,150.7100526487501,81784.0
34,188.0,146.72619006753587,145.57961940309227,88360.0
34,189.0,147.24458008024055,146.07234927192476,88900.0
40,249.0,221.5294173822774,115.37770177558961,87071.0
40,250.0,220.9830113454777,115.41520726973167,84809.0
40,247.0,221.32425459944977,115.29440100935442,87416.0
40,248.0,221.5341020463061,115.17330337252717,86526.0
40,246.0,220.91932843131224,115.25684892824454,86400.0
40,251.0,221.16944868548066,115.36429617362947,87117.0
40,255.0,220.9184868809098,115.034803331654,84385.0
40,252.0,220.9466155449607,115.54142004680494,86623.0
40,258.0,222.83815570565343,113.43881014610864,83772.0
40,256.0,222.55201705541984,113.84427339100948,86213.0
40,253.0,221.2376573961378,114.96874766021283,87365.0
40,254.0,221.0642889900981,115.23152465170615,83348.0
40,244.0,221.30249315456203,115.57467233983488,85154.0
40,245.0,221.78579042528995,115.5093090516087,86828.0
40,257.0,222.99191796831224,113.08473070618872,86789.0
44,477.0,159.61656062818116,95.51487464881681,83854.0
44,479.0,159.2068504814901,92.29680301362349,85853.0
44,478.0,160.4918756260632,92.63125355019584,84961.0
44,480.0,159.22556616554044,93.05824813813517,82583.0
44,481.0,156.78293053460598,92.32654212736199,82569.0
44,475.0,157.9739576037078,92.35589808854013,84664.0
44,476.0,156.84360786242763,95.54401892458894,84010.0
44,482.0,156.7747733896282,94.24822773865606,84670.0
46,495.0,191.79332842559015,121.30273194603564,83845.0
46,494.0,195.26982370238426,121.1617363345229,83529.0
46,486.0,199.14963291219595,117.95205845354627,83297.0
46,487.0,200.13805257716214,116.79971948430725,85441.0
46,483.0,198.1350018582744,121.62716147382825,82992.0
46,484.0,199.24696463786825,121.25513538006261,83481.0
46,485.0,199.3364554691937,119.69135844065802,83251.0
46,491.0,194.13818188200713,122.38315456966816,82114.0
46,489.0,200.21303914064615,121.88871586357037,83802.0
46,488.0,201.07478095435354,120.09185284146618,83853.0
46,493.0,193.0817706780136,120.29484461500402,84512.0
46,496.0,190.13041869676772,121.63238595825133,82994.0
46,490.0,195.91855879867884,123.88161563147145,83008.0
46,492.0,194.83283256092326,120.85472616179995,84456.0
47,491.0,175.44487589466985,117.0908181730714,81154.0
47,490.0,175.386921484105,116.94843830294226,82769.0
47,489.0,176.16603468317365,117.3883239619786,81311.0
47,492.0,175.86667310960576,116.62099868539799,83038.0
47,493.0,175.9962560954884,116.63840862051197,82497.0
49,510.0,190.19178360632023,148.11560618320246,84865.0
49,515.0,190.2140593996785,148.81802774306973,83228.0
49,516.0,190.16019678590837,147.94777905925667,83606.0
49,514.0,190.01035698376413,148.2602074448605,83179.0
49,513.0,190.28089299364137,147.95822271059976,83284.0
49,509.0,189.76736268936924,148.14889447472186,82810.0
49,511.0,189.97857330742593,148.03163028284652,84457.0
49,512.0,190.179331479309,148.13681916152913,85123.0
53,538.0,147.38480645721862,141.80663006082523,87271.0
53,537.0,150.45711109477529,140.54955280564945,85520.0
53,539.0,146.94258370389838,143.02870801914656,86621.0
53,534.0,162.20981361462495,146.55750451927406,89360.0
53,535.0,157.52445622077695,145.54492858189934,87481.0
53,536.0,151.46834491263525,143.60924512226723,89072.0
53,533.0,159.43786158795692,144.31865474363505,88701.0
55,544.0,143.1436248905177,138.7693763517658,85847.0
55,539.0,148.73544616583752,146.56298285830601,85237.0
55,545.0,140.5802922239316,139.08315327837005,90214.0
55,548.0,144.76540275127383,143.26341079203542,84542.0
55,543.0,142.07125857481114,138.98889460191532,87170.0
55,541.0,142.44503562523334,150.3074288353098,84764.0
55,542.0,138.18216437647115,144.91550636837988,88191.0
55,549.0,150.00593467825777,146.78034537796952,81566.0
55,546.0,139.24584377235922,142.9762120977126,89039.0
55,540.0,145.11737763153755,150.28518134841295,87742.0
55,547.0,146.11385987871978,143.58449365661707,86908.0
56,550.0,148.79943192554558,123.00414807865221,84108.0
56,545.0,148.1484521074207,122.32297451886606,86716.0
56,551.0,148.2213126268055,122.93237211857635,84630.0
56,543.0,147.45807193555032,122.88168704677564,86093.0
56,544.0,148.33000057945188,123.1218227484928,85660.0
56,542.0,148.159028221303,122.80441052083633,84677.0
56,549.0,148.26702575560017,122.34786880544748,86160.0
56,548.0,147.88585167756182,122.49717900213662,85176.0
56,546.0,147.8923837467928,122.1004167573163,87638.0
56,540.0,148.93236377011317,123.20357708045651,84194.0
56,547.0,147.423756663355,122.85978597584007,86490.0
56,541.0,148.56810170225793,122.85386747591996,86119.0
60,577.0,194.63271234637043,156.51190224036782,86679.0
60,579.0,194.35756938643246,157.35186427201572,86075.0
60,576.0,195.19839145718592,157.38540752515686,86982.0
60,574.0,195.10374542978676,156.1886984862776,85822.0
60,578.0,196.5920326924227,156.84331247550648,82566.0
60,581.0,195.3839262186965,157.25005082677254,85124.0
60,582.0,196.37243205329108,157.73781708376384,88213.0
60,584.0,195.23046657765275,156.67568701052696,87778.0
60,583.0,195.88179898798768,156.69957728281827,88747.0
60,580.0,195.43033696682653,158.33900547674517,88163.0
60,589.0,195.20870584203354,157.35561903614993,86879.0
60,588.0,195.1262325625339,156.79554159364838,89706.0
60,587.0,195.82174212273924,156.93191865698043,86305.0
60,585.0,195.0145589811849,157.00674102290563,89256.0
60,586.0,194.59172086205044,156.5988737249872,84150.0
60,593.0,196.35519677991,157.22051720841503,87215.0
60,594.0,196.30691597124675,157.85487463274004,86581.0
60,591.0,195.7070982126016,157.31616964536974,86893.0
60,590.0,195.70700377597316,157.42504238683284,89553.0
60,595.0,195.05226543459307,157.2786633420676,89148.0
60,596.0,195.5946690036029,157.16553364886315,87443.0
60,592.0,195.93736617005348,157.8659358185996,86263.0
60,602.0,195.57374156719032,157.00057125842588,89565.0
60,600.0,196.21266184495985,157.02494640365748,89199.0
60,598.0,195.58113963717597,156.76497996285713,88884.0
60,597.0,195.07527504706047,157.38812875547816,86993.0
60,599.0,196.26550211958084,157.72039303306394,87743.0
60,601.0,195.79739193143982,156.90666415902436,88932.0
60,606.0,194.9967057678373,157.20143269245042,84194.0
60,603.0,195.27136378072856,156.99097004051313,87099.0
60,604.0,195.3214500886904,157.05162391827542,87049.0
60,605.0,195.31709570603218,157.23369726573628,87488.0
60,561.0,196.24243929975543,157.3577993386919,88201.0
60,560.0,195.98402470714203,157.1985376596901,88015.0
60,558.0,196.1361550392138,151.4946149836459,86294.0
60,559.0,195.56633451920663,156.27441698611472,88786.0
60,564.0,196.31792494307533,158.45584847793168,86688.0
60,565.0,195.78690296357712,156.78033880156877,86644.0
60,567.0,194.634203599192,157.2338355508425,86700.0
60,562.0,196.02341567772876,157.5121687617499,86603.0
60,563.0,195.87200358372257,157.59298065004563,87274.0
60,571.0,194.72200155867455,157.0611325545835,87096.0
60,570.0,194.90081853500214,157.05467079928903,87800.0
60,572.0,195.3880521328888,158.0014932244665,86510.0
60,575.0,195.9021964262889,157.69889715600445,87521.0
60,568.0,195.06268804491768,156.99308209751973,87654.0
60,566.0,195.82337129323113,156.76926067161565,88421.0
60,569.0,194.95435292289903,156.3022706523471,83567.0
60,573.0,195.00466510057004,157.02246376531178,89964.0
64,596.0,190.57351595427318,139.99490519868095,82710.0
64,591.0,187.15560683803093,135.63563973043637,82906.0
64,595.0,189.23868748266378,137.6630166318531,84201.0
64,594.0,190.87637732117832,136.74839326719757,82328.0
64,592.0,188.23161755203793,135.4009036557417,83240.0
64,593.0,188.42717722578624,131.67093371385087,82939.0
66,601.0,154.8198652966066,146.43252891261585,83092.0
66,603.0,154.22547288893034,147.70628242842713,82046.0
66,602.0,156.99763640635484,147.0108129707179,82487.0
66,600.0,153.29387557944293,149.20996456097757,81409.0
66,599.0,156.80464322840874,149.60470235691324,81300.0
68,631.0,194.70732808055416,96.76995537964775,81061.0
68,634.0,195.65435994685328,96.04384034947995,83346.0
68,636.0,195.30838058877447,96.03034015915864,83172.0
68,635.0,196.80614933955687,94.98337163763074,80633.0
68,629.0,194.47908616056444,97.21224561652521,82841.0
68,630.0,195.683649354304,95.87459113633798,83487.0
68,633.0,195.40233075442913,95.3893109491205,83288.0
68,632.0,195.47847526962957,94.92515343903005,81744.0
70,644.0,194.90906541345183,95.70578523123443,82715.0
70,645.0,196.1297547286795,96.14119264011156,81380.0
70,642.0,196.1107467907899,95.70134698230031,81870.0
70,643.0,196.28382871982507,95.86470755318601,82497.0
70,640.0,195.9335736305239,94.61748910244823,82834.0
70,641.0,195.778060868257,96.41304369629974,81982.0
71,643.0,153.01960739618963,118.46636402867742,83814.0
71,644.0,152.55437752626412,118.67895562125224,84894.0
71,641.0,152.7670989113824,118.09623694212918,86488.0
71,642.0,152.98459591061237,117.5934463994882,83017.0
71,640.0,153.3434918536199,118.09262793131808,85727.0
71,645.0,152.2443072351453,118.24513239120375,83435.0
71,646.0,152.57419946579608,118.53626100295303,82067.0
72,655.0,195.26134055834854,96.69553937335297,81233.0
72,659.0,196.18031672621316,94.82664958157214,82198.0
72,658.0,195.94207577438073,95.02697177864147,81667.0
72,653.0,197.8422928844968,94.10790103883157,82949.0
72,654.0,196.01183138891176,95.73439243371728,82073.0
72,657.0,197.56665545030128,95.6322493434772,82085.0
72,662.0,195.8426483337594,95.19778452305982,82263.0
72,663.0,195.6355117149515,95.09679367348465,82337.0
72,665.0,196.94211609891983,95.81286876852367,81847.0
72,656.0,196.5374685805912,94.6129685581083,82713.0
72,660.0,196.4819364738072,95.2576956109878,82381.0
72,661.0,196.64167323710603,95.204735171971,82275.0
72,667.0,196.52015929379195,95.36290818721754,82609.0
72,664.0,196.26157727615097,95.12891077628174,81805.0
72,666.0,195.48736104601826,95.04354462811261,82565.0
72,668.0,195.2227473876554,94.85001405559875,82229.0
75,679.0,197.5140560538714,94.60595171987121,81163.0
75,678.0,196.13075499456684,95.32702883859693,83061.0
75,676.0,196.34608686811836,94.36332510466325,82887.0
75,673.0,196.19830735929344,95.05583081678688,83083.0
75,682.0,196.18039259373546,94.68673398205256,83241.0
75,681.0,197.10433794656674,94.4536851282724,81449.0
75,680.0,195.98775257421144,94.72420757069864,82983.0
75,677.0,195.97073653651978,95.39672071854055,82951.0
75,672.0,195.7915236316646,95.32211267050172,81264.0
75,674.0,195.85694061745895,94.62436470234901,82024.0
75,675.0,196.70740809302416,94.7431899357221,82820.0
75,671.0,195.28425414225043,95.69243139545969,81923.0
75,670.0,195.4599648077146,95.34146880570441,82460.0
76,679.0,143.93647282967703,138.49905106211472,81943.0
76,678.0,142.83961419308756,140.17029525409862,84765.0
76,676.0,142.96350809680467,140.83352562073762,85693.0
76,673.0,143.0088356319036,140.7281632714675,85507.0
76,674.0,143.011053037428,141.11378882833762,85634.0
76,675.0,143.09863327553052,140.82183875851828,84308.0
76,672.0,142.82237551632974,140.6239206883049,83535.0
76,677.0,143.4664197734518,140.4402784198458,85259.0
79,719.0,176.89037478009664,141.74942682203252,91586.0
79,721.0,176.56179501023576,141.71941284790046,86449.0
79,717.0,176.22240862489187,141.88243955958092,93462.0
79,718.0,176.10176352554575,141.34861938412126,91013.0
79,720.0,176.42745652191206,141.64941879187293,92780.0
79,715.0,176.37153165398192,141.29132622970937,93889.0
79,716.0,176.27340469587477,141.36643596841105,88477.0
79,713.0,176.83190266326577,141.86741016963109,89959.0
79,712.0,176.23093774247005,142.5069278393729,90978.0
79,714.0,176.28690780251995,141.98224150275098,92425.0
82,792.0,184.66521799138053,146.2328688318445,81017.0
82,791.0,180.21259566154575,140.15271664384798,82988.0
82,789.0,179.33496313793674,141.3134029628228,82897.0
82,790.0,179.48184118874724,141.1280855297974,82040.0
82,788.0,179.81651661090925,140.58299411535242,82601.0
86,814.0,150.83215983626172,105.39338397610769,85086.0
86,815.0,150.6553500418312,108.4860060927272,84355.0
86,811.0,154.95766529072145,105.11273738787102,81314.0
86,813.0,149.86395512190418,103.72926529322444,82385.0
86,812.0,150.4138611094723,102.63549903710992,83261.0
86,818.0,150.85732419687915,110.69177767150708,83925.0
86,819.0,147.7684952274966,111.63823380619317,83449.0
86,817.0,149.8880728766247,108.61130753325604,85598.0
86,816.0,150.06155473513002,107.68706526850583,84510.0
88,860.0,179.38298041864206,118.07174330616049,83799.0
88,862.0,180.48937552053138,113.60580629380351,81854.0
88,861.0,179.2516662485123,116.95276020387426,84080.0
88,863.0,182.60468363040576,114.41544482169442,83977.0
88,865.0,187.88002912118958,110.43905496989292,83876.0
88,864.0,183.68257945694887,112.08095576325805,81274.0
88,867.0,187.00648253635725,106.07823373901914,86053.0
88,866.0,187.53289903651296,105.33127860260038,88615.0
89,870.0,139.60312975303907,134.65751015945926,84900.0
89,866.0,137.08561408299363,138.91507666182272,82988.0
89,868.0,140.67342245302714,132.56433777180445,86810.0
89,869.0,138.56954532546592,132.0212485208463,82168.0
89,867.0,137.99175564517228,131.88468418498462,84448.0
90,876.0,141.1841109518997,126.12161019679256,85986.0
90,877.0,140.9676982600784,127.31548738786833,85246.0
90,878.0,147.88387116206925,125.61816032598314,83110.0
90,874.0,143.38866720018729,128.09214549561963,83056.0
90,875.0,139.84804951523512,128.71549982821452,84199.0
90,873.0,143.4949423936868,133.1687992953895,82604.0
91,887.0,138.49655765917709,130.37234544352867,86905.0
91,888.0,139.93342099076838,130.7274785111515,85521.0
91,889.0,134.86081954014168,137.5144276384413,85078.0
91,890.0,138.57015574972368,137.62999257564303,88895.0
91,885.0,144.1393812511368,128.28104840220757,85392.0
91,886.0,144.7810960373477,132.38282771394117,82126.0
95,991.0,174.16255058555214,120.53020317042319,86720.0
95,993.0,174.60365482757555,120.10860304304289,85570.0
95,994.0,174.6366385432475,120.49330410073524,87282.0
95,997.0,174.68147890316965,120.51455652695947,86375.0
95,990.0,174.5886479254892,120.48374085548448,86915.0
95,992.0,174.72085977875474,120.02326768611275,86992.0
95,995.0,174.80420958092472,120.2653192337129,88929.0
95,1002.0,174.40406179786433,120.2140866461682,90078.0
95,998.0,174.2985469898802,120.53881664109115,87373.0
95,1004.0,174.7421477131567,120.41191452313483,88422.0
95,1003.0,174.64707952129515,119.88825552070183,87376.0
95,1000.0,174.76784933383976,120.55803083102725,87552.0
95,999.0,174.41110894417866,120.39632363115378,88621.0
95,996.0,174.21982418540912,120.60641815682081,85635.0
95,1001.0,174.55347093491656,120.5601417667046,87627.0
95,1008.0,174.66022098126894,120.03642184583258,88190.0
95,1012.0,174.66800459734188,120.69921627492239,87009.0
95,1010.0,175.31011864146842,120.30989732437727,85843.0
95,1005.0,174.66454883793065,120.443859989045,87019.0
95,1006.0,174.16507683018887,120.21175800751931,86148.0
95,1007.0,174.60909224815038,120.33661816666519,89979.0
95,1009.0,174.63721962995578,120.72289957578346,85827.0
95,1014.0,174.95871569849442,120.64749326634023,87570.0
95,1017.0,174.47682807975974,120.73120510491545,91118.0
95,1011.0,174.95864322322544,120.61862964662346,84494.0
95,1015.0,174.8684569918015,120.8333271436073,89454.0
95,1016.0,174.68555854718898,120.51820408777493,86230.0
95,1021.0,174.6860007066792,121.05833282410136,88819.0
95,1013.0,174.2647505871271,119.94304960642492,86003.0
95,1018.0,174.33162460298772,120.34040650177435,88686.0
95,1019.0,174.40430674088992,120.85030406587548,88198.0
95,1026.0,174.77284051772213,120.38787384803574,88174.0
95,1020.0,174.4066090286921,120.63838229290317,86961.0
95,1022.0,174.78661188763266,120.59628447815673,90109.0
95,1025.0,174.60681299474433,120.63398765208358,83196.0
95,1024.0,174.5390796065994,120.4668651457836,88179.0
95,1023.0,174.34878414877608,120.80363054743358,87947.0
95,1029.0,174.74875996494228,120.72978102520348,88981.0
95,1032.0,174.0713426876656,120.38216607192714,89569.0
95,1027.0,174.1816470642048,120.83669857919666,88448.0
95,1028.0,174.46733145886967,120.43780520501343,86326.0
95,1030.0,174.54313762521622,120.30341591045219,86948.0
95,1034.0,174.43465382299306,120.44828230459134,87642.0
95,1033.0,173.98896250378982,120.51696784379942,87969.0
95,1031.0,174.36857538169102,120.79465785570935,88742.0
95,1035.0,174.43435053962446,120.6180112226695,89921.0
95,1038.0,174.3894386768529,120.43112102921773,86949.0
95,1040.0,174.20249369656713,120.75227360720444,88060.0
95,1036.0,173.9644877445151,120.86614620308515,86460.0
95,1037.0,173.97799253581803,120.83238985745368,85782.0
95,1039.0,174.4984469850028,120.13623951077624,89251.0
97,1019.0,191.69071016461348,87.68380552929642,85743.0
97,1017.0,191.670501110011,94.95623296786411,83639.0
97,1026.0,211.98726818332662,91.13022897354311,81891.0
97,1022.0,199.21248529003051,95.28317191307707,81334.0
97,1021.0,195.80878565379754,94.13452848027667,83402.0
97,1024.0,205.79262465950384,99.11640035023937,83317.0
97,1020.0,192.1404902148802,92.92177372035341,85673.0
97,1023.0,199.78527915077987,94.37679165771547,81133.0
97,1018.0,194.26526807743835,91.30360834326044,82415.0
97,1025.0,208.11988192494928,98.09337167530093,85442.0
103,1115.0,222.18193154059793,131.62805180108788,86630.0
103,1119.0,222.1043044768639,131.3114158627972,87575.0
103,1116.0,222.35045515184677,131.57466998899656,85373.0
103,1114.0,221.95506546512595,130.96983654420976,86396.0
103,1112.0,221.45453855474986,132.61903703231508,80747.0
103,1113.0,222.02288472612796,131.30157659598135,86037.0
103,1123.0,221.1371095868526,131.15933224616433,87672.0
103,1121.0,221.66396534799685,131.48860694292298,88020.0
103,1124.0,221.49894773749386,131.4558018690805,84101.0
103,1126.0,221.73405262612536,131.28113103146217,84992.0
103,1118.0,221.69955419993934,131.27404286053184,84946.0
103,1120.0,221.68710832321284,131.3880379654522,86494.0
103,1117.0,222.0715435682664,131.6651585721395,88523.0
103,1122.0,221.34130133766823,131.5447784851691,85977.0
103,1130.0,222.1340341547797,131.62639741549123,86599.0
103,1132.0,222.66825831526913,131.85319813727403,86741.0
103,1135.0,222.26193051282465,131.472313183405,86140.0
103,1133.0,222.59027755957624,131.35171585906684,85199.0
103,1125.0,221.42768289059993,130.94022166575743,87419.0
103,1127.0,221.68043725377035,131.53313425968184,86205.0
103,1128.0,221.44715541228078,131.0927240522667,89072.0
103,1129.0,222.15184619193255,131.50549100202588,86462.0
103,1137.0,221.95797361675884,131.64882851979883,81380.0
103,1131.0,222.46305472150357,131.37572647036947,87850.0
103,1134.0,222.1110706672102,131.7151869661774,85814.0
103,1136.0,221.90587907241508,131.66695080906212,83963.0
104,1276.0,151.0376438248764,136.6375375498493,81930.0
104,1277.0,150.5389530087701,136.63845927904927,81548.0
104,1278.0,151.1776408122171,136.34262385952107,82086.0
104,1282.0,150.48463628136105,136.22973142225703,82811.0
104,1275.0,150.91229385975407,136.35266667245176,81975.0
104,1284.0,150.95127732691435,136.58942276909383,80726.0
104,1285.0,151.21436295795147,136.30396545463995,84775.0
104,1286.0,151.3462448236704,136.34254128977653,81666.0
104,1288.0,150.5388543468554,135.99189708161526,82516.0
104,1279.0,151.35682721753267,137.20440934876436,81394.0
104,1283.0,151.252253630529,136.49178977599328,82853.0
104,1280.0,151.25150111012815,136.58682723874577,83088.0
104,1281.0,150.87737643248576,136.48802339357292,82171.0
104,1292.0,150.7574559960073,136.0792406604283,81832.0
104,1294.0,150.5379327739166,136.14413626574586,81894.0
104,1293.0,150.42429516529864,136.01137560490116,81786.0
104,1287.0,151.2123220521502,135.9439370189747,82511.0
104,1291.0,150.6906789865751,136.27132913454176,81556.0
104,1290.0,150.29980547436597,136.12074832939336,82761.0
104,1289.0,150.8683543794379,136.0112894151457,82560.0
104,1299.0,149.58827838144117,137.2500908196885,83460.0
104,1298.0,149.79549293311078,136.76422711669983,82293.0
104,1304.0,150.50975053556976,136.56181791664275,82701.0
104,1296.0,150.00373029125078,136.13149796233225,81143.0
104,1295.0,149.92806766220588,136.4388095840518,82194.0
104,1297.0,149.4907509722885,136.34473144471394,82451.0
104,1300.0,149.7802639647379,136.58711513277484,81660.0
104,1306.0,150.90136742319396,136.33007184125233,81773.0
104,1305.0,150.1871402948484,136.5143082771401,81812.0
104,1308.0,150.76238791060334,136.97625859330992,81620.0
104,1310.0,150.5396315689453,137.1024835995643,82690.0
104,1302.0,150.54308931243858,136.42026154948016,82170.0
104,1301.0,150.25934966714632,136.7098765473057,81287.0
104,1303.0,150.40990400325433,136.58521040688717,81986.0
104,1307.0,150.7639032074896,137.2010547296291,83333.0
104,1316.0,151.14254264707193,136.01265410303455,81183.0
104,1317.0,151.14556226217923,136.13958847899002,81663.0
104,1314.0,150.94015300961647,136.6798576960885,81685.0
104,1313.0,150.87190776078864,136.5814218274363,81491.0
104,1309.0,150.00716279283776,136.56751956235877,82169.0
104,1312.0,151.22507495066287,136.66577417017552,82891.0
104,1311.0,150.2500459715069,137.40127240121868,81891.0
104,1315.0,150.90150991417912,136.2492567384911,82022.0
104,1322.0,151.05535667549796,136.28161059969298,82402.0
104,1325.0,150.9646373998727,136.18362497474826,81272.0
104,1320.0,150.94335083542,136.13476995981924,81958.0
104,1323.0,151.07647903496368,136.06044346626953,82552.0
104,1318.0,150.4778431942918,136.45787283778554,81524.0
104,1319.0,150.96349203182075,136.52736981950025,82997.0
104,1321.0,150.73413558216237,136.7282775453933,81304.0
104,1326.0,150.54310546573672,136.165880197878,81227.0
104,1331.0,150.86041367077564,136.21154347119312,82150.0
104,1327.0,151.0057543268526,135.62305476511534,82829.0
104,1332.0,150.9080004379128,136.2792008140214,81966.0
104,1335.0,150.58489663962342,136.41644743724518,81272.0
104,1324.0,150.76788283652024,136.28423905135534,82615.0
104,1328.0,151.22798663674035,135.96466779254388,81714.0
104,1330.0,151.1868326988178,136.06894234949033,82409.0
104,1329.0,151.27404895131704,136.0786869714983,83126.0
104,1338.0,151.52598961714764,136.56845205009003,83079.0
104,1340.0,151.6738103137084,136.52569124695103,81818.0
104,1337.0,151.17226610211836,136.8319266637705,81858.0
104,1342.0,152.2538491505026,136.649845259968,80489.0
104,1334.0,151.46068302233266,136.47669292687357,82716.0
104,1333.0,151.13834796433753,136.22127409611892,81072.0
104,1339.0,151.53807537830596,136.93256222943418,82448.0
104,1336.0,151.18313896618972,136.21971053385283,82615.0
104,1347.0,151.73980340677844,136.68930821101364,81850.0
104,1346.0,151.98657900198768,136.92409325375033,82805.0
104,1345.0,151.87878082516553,136.6917685093672,81188.0
104,1349.0,151.450571030898,136.40868480184776,83006.0
104,1341.0,151.7751271969936,137.1679009519308,82472.0
104,1343.0,151.15489675633876,136.94752694416235,81042.0
104,1344.0,151.5074760514106,136.6293331566847,81627.0
104,1350.0,151.0384057211366,136.50763225827524,81464.0
104,1353.0,151.51099832424973,136.37606702961403,82354.0
104,1355.0,152.08777080577295,136.19193710197908,81692.0
104,1357.0,151.2655934829268,135.6882189551085,81604.0
104,1351.0,151.50076242765917,136.25396862626542,81970.0
104,1348.0,151.51484713282508,136.5248217715452,81160.0
104,1352.0,151.18383962357746,136.1621762327439,81628.0
104,1354.0,151.84927497133162,135.8891975728955,83138.0
104,1361.0,151.05689091367407,135.93235614361024,82693.0
104,1362.0,151.5468238379798,135.21953209591015,81102.0
104,1363.0,150.63255924198222,135.50552309870926,82183.0
104,1358.0,150.58621095180845,136.04597724995412,82914.0
104,1359.0,151.2365127009919,135.30929805984545,80440.0
104,1360.0,150.87651196149395,135.9768450364538,82505.0
104,1356.0,151.19369478768655,135.65758969381838,82476.0
104,1367.0,152.10876402509064,135.77557174336317,80921.0
104,1369.0,151.34635295448808,136.4061647913765,81078.0
104,1370.0,151.88657639629918,136.03096016720502,81415.0
104,1365.0,151.83321739672382,136.37560360978694,81895.0
104,1364.0,151.13996953414932,135.27120937522457,81217.0
104,1366.0,152.1497228130389,136.1492597897677,82941.0
104,1368.0,152.17569898615704,136.2430855208824,82380.0
104,1373.0,151.65830661222063,136.71590757419048,82120.0
104,1374.0,151.69972670178663,136.69807300541154,81326.0
104,1371.0,151.20325925695164,136.3448087084032,81567.0
104,1372.0,152.0579277112074,136.53732678430313,80673.0
104,1378.0,151.60699843700283,136.24950978250646,81373.0
104,1377.0,151.45627901297973,136.18963166881113,81513.0
104,1375.0,151.5372467352019,136.24683033153335,82320.0
104,1376.0,151.92356695458693,136.26263739063162,82517.0
104,1384.0,151.81136776148318,136.19164691957025,81109.0
104,1383.0,152.0407922788196,136.51239447953702,80873.0
104,1379.0,151.29199592975013,136.6495655408645,82033.0
104,1380.0,151.5534810268085,136.32702361280727,82252.0
104,1381.0,151.95714005417585,136.706241118419,82059.0
104,1385.0,151.3296909897082,136.0329251822334,81461.0
104,1388.0,151.2019410082272,136.4281468736536,81161.0
104,1390.0,151.61738888531963,135.87473224320888,82500.0
104,1389.0,151.391005425906,135.7986974950824,80809.0
104,1382.0,151.80543247607486,136.20193345833457,82498.0
104,1387.0,151.56102641143252,136.01287189054125,81619.0
104,1386.0,151.59988104943602,136.1280983334301,81139.0
104,1395.0,150.550169759229,136.10330884957344,83079.0
104,1396.0,150.30982548151766,135.7481882888838,80872.0
104,1397.0,150.68921928036005,136.007938241219,82276.0
104,1398.0,150.82022682276556,135.65097535716447,81757.0
104,1391.0,151.17593292752602,136.36715630518253,81564.0
104,1392.0,150.63562680780524,136.0933902297877,82852.0
104,1393.0,150.44520781337047,135.82985263222403,81448.0
104,1394.0,151.20605367177464,135.74852789188063,82020.0
104,1403.0,150.3776231809458,136.0193528639605,80711.0
104,1404.0,150.64930615201766,136.16695374213643,81532.0
104,1405.0,150.30843204782795,136.11046914581596,81316.0
104,1406.0,150.54496169495252,136.54654888017302,81912.0
104,1401.0,150.9683134068571,135.8111695652866,81294.0
104,1399.0,151.20788254456158,135.93777996126946,81456.0
104,1400.0,150.95063458721557,135.90809304295578,81088.0
104,1402.0,150.69777921407925,136.09924627753963,81876.0
104,1410.0,150.8707942802132,135.0953009876932,82069.0
104,1409.0,150.996891434123,135.23745131168593,81324.0
104,1407.0,151.06793789570037,136.25579285177324,82525.0
104,1408.0,149.8910516958264,135.18340716658236,81014.0
104,1413.0,151.78735652681584,135.5418968029266,80787.0
104,1414.0,151.87142780334506,135.1683589345233,82520.0
104,1411.0,151.0352308147986,135.5153895023718,81905.0
104,1412.0,151.95173245560474,136.05323533805404,80918.0
104,1422.0,152.4995498963947,135.41787984415976,81380.0
104,1419.0,151.30647746505025,135.9617350185008,81335.0
104,1421.0,151.97895712007875,135.92512337819343,81763.0
104,1423.0,151.69165573163974,135.09764516489142,81402.0
104,1416.0,151.75790175220044,135.48841624001372,80890.0
104,1415.0,151.78105482071462,135.93836686137612,81283.0
104,1418.0,151.72809892096697,135.33563043407443,81136.0
104,1420.0,151.29230128453085,135.45457649647776,80744.0
104,1425.0,151.45828056844303,135.14404528079015,81584.0
104,1428.0,151.80656363979224,135.18528581582476,81385.0
104,1429.0,151.68218923581185,135.0659505669546,82863.0
104,1430.0,152.0505338533945,135.70205311464605,80484.0
104,1417.0,151.1119098192571,135.8852228957454,82016.0
104,1426.0,152.2816386066633,135.0216193720244,81527.0
104,1424.0,152.23657889568128,134.99430361963914,82742.0
104,1427.0,151.8130328627024,135.2804131114092,81031.0
104,1436.0,151.3556193506368,135.7740944884248,82126.0
104,1434.0,151.5819980085655,134.84884309871677,81798.0
104,1431.0,151.60502762120387,135.64733084875908,81906.0
104,1432.0,151.60559184532198,135.25177725271374,81750.0
104,1433.0,151.49446259058385,135.6607615766315,82660.0
104,1439.0,151.40080489660923,135.36230076360644,81898.0
104,1438.0,151.1271983141762,135.24775958349218,81141.0
104,1435.0,151.79867208249487,135.3938076739432,81815.0
104,1437.0,151.01209370683577,135.57485981973397,81335.0
104,1443.0,151.41078236622133,136.77906159370113,81204.0
104,1444.0,151.8294170813717,136.24720546093158,81745.0
104,1441.0,151.41934102815654,135.29601548363547,82621.0
104,1442.0,150.9754973031211,135.79167510643202,80211.0
104,1448.0,151.87685794708412,135.69225047379467,81463.0
104,1440.0,151.1458688485927,135.33484270929748,81732.0
104,1445.0,151.03051346388338,135.62271188767912,80924.0
104,1450.0,151.7924889648707,135.76838737735795,80752.0
104,1449.0,151.84514134948574,136.4921541128241,80650.0
104,1447.0,151.80948762662382,134.95260865646492,81455.0
104,1446.0,151.36276946786796,134.80862452464396,83485.0
104,1454.0,151.87296044754476,135.79936688797338,80859.0
104,1453.0,151.9566660490282,136.12836141953568,82630.0
104,1451.0,151.3911296903457,135.82831451062214,81858.0
104,1452.0,151.8876503025716,135.8198946685695,80974.0
104,1458.0,151.5118535749161,135.5312725021019,82120.0
104,1460.0,151.28010215747835,135.14293187102447,80959.0
104,1455.0,151.71261507567868,135.03859018812275,80687.0
104,1456.0,151.85629375281866,135.50881490287168,81020.0
104,1459.0,152.60581731240012,135.4859629940148,81088.0
104,1457.0,151.43538586064565,134.64811106961213,79468.0
104,1461.0,151.871746296373,136.2263215378677,81573.0
105,1376.0,159.14930756503423,148.0047237172046,81689.0
105,1369.0,159.81996092878052,147.3440038233566,80748.0
105,1377.0,158.60493946532046,149.29665601939908,80196.0
105,1374.0,159.9770643143422,147.18744070090017,79973.0
105,1375.0,159.4640751202771,148.14498502411183,81617.0
105,1372.0,160.86867308624346,148.19355169171536,78944.0
105,1373.0,160.41865942775095,146.72566633715755,81924.0
105,1370.0,159.97449182028808,148.00327355755906,80367.0
105,1371.0,161.83479929353518,148.4250471088252,81468.0
107,1470.0,193.02982365799733,101.16401569788405,88017.0
107,1466.0,193.20518627886707,100.9699631194189,88836.0
107,1469.0,192.8092333923013,100.83468946733659,89260.0
107,1472.0,193.1659492806162,100.76625553298666,88750.0
107,1474.0,193.57753986348695,100.70378197366718,87060.0
107,1471.0,193.41478239913957,100.88579609642521,90477.0
107,1475.0,193.3682449317744,101.14231651785688,89889.0
107,1473.0,193.15438485106563,100.96481118770153,89497.0
107,1478.0,193.5555403639172,101.20161864551733,88649.0
107,1477.0,193.21367994218568,100.80846056656277,90931.0
107,1476.0,193.62287316932117,101.00859990446403,89606.0
107,1479.0,193.77349330609457,101.20219434292422,89729.0
107,1480.0,193.30880974097514,101.10552940129922,91933.0
107,1481.0,193.61521539104513,101.20467041884088,90613.0
107,1484.0,193.95431700144238,101.31819606358309,89126.0
107,1485.0,193.9413491380058,101.00225403009551,91037.0
107,1482.0,193.36121023996392,100.88980354374247,91326.0
107,1487.0,193.8150007446482,100.80521533424255,90963.0
107,1483.0,193.87557769991227,101.50796102177759,91085.0
107,1436.0,192.6597523244818,101.06640027800243,89219.0
107,1489.0,194.10051843856903,100.87638363788442,89302.0
107,1434.0,192.84527885251242,100.51469457374637,93814.0
107,1433.0,192.90147887783561,100.79149648817472,87426.0
107,1486.0,193.73924545742554,100.98297861527784,90407.0
107,1439.0,192.79409589309512,101.11995084195625,93501.0
107,1438.0,193.04982214368547,101.16746120914374,88180.0
107,1491.0,193.4661410608427,100.59685043749697,88972.0
107,1435.0,192.60334903473196,100.58844525776006,89509.0
107,1488.0,193.77352606257122,100.67644714428575,88376.0
107,1437.0,193.27962354740126,101.01032270712865,90733.0
107,1490.0,193.49111304516563,100.57051900912712,90299.0
107,1443.0,193.2188828109373,101.04582974584046,91495.0
107,1493.0,193.52539707517573,100.27440880332985,89774.0
107,1444.0,193.54549723714106,101.16871423727729,89755.0
107,1492.0,193.22137250921173,100.50184274331168,94094.0
107,1441.0,192.362213137177,101.02597632316889,89873.0
107,1494.0,193.48099522944602,100.47639848869963,90252.0
107,1442.0,192.86683730065553,101.01446204400153,90205.0
107,1496.0,193.7078743612168,100.55613920789136,90105.0
107,1448.0,193.23154331975428,101.50045462682127,92078.0
107,1447.0,193.5017589417865,101.53367085512639,89970.0
107,1497.0,193.98947209808048,100.21658394124029,90140.0
107,1440.0,192.78538378715072,101.79411974819669,83855.0
107,1445.0,193.0097681913301,101.61660057869237,91049.0
107,1495.0,193.7336874361379,100.45642134836766,91621.0
107,1449.0,193.32118366838284,101.46403892172009,91484.0
107,1451.0,193.20086281483373,100.89765779915743,92244.0
107,1446.0,192.9731546967806,101.75574590628257,91565.0
107,1498.0,193.9598554980079,100.27003210504985,85305.0
107,1450.0,193.1233637976126,100.99809434189906,88554.0
107,1453.0,192.75904786580082,101.25727626928456,90265.0
107,1455.0,192.7270266793128,101.16319845528865,90530.0
107,1452.0,192.83247403714583,101.13174553935052,88844.0
107,1454.0,192.79927964343517,101.28885661538227,90456.0
107,1460.0,192.77535859343365,100.90296381457593,90774.0
107,1457.0,192.60194340318728,101.16951159265076,88194.0
107,1456.0,192.8832154896032,101.26146280717941,90422.0
107,1458.0,192.43023951087025,101.0105065808153,90433.0
107,1459.0,192.65425693548602,100.88200367375451,91416.0
107,1464.0,192.80708871903713,101.08146867785017,90250.0
107,1461.0,192.7607449533178,101.05828998821346,84166.0
107,1462.0,193.03512683409838,101.3001099594508,88932.0
107,1467.0,193.0491600615785,100.57878549642652,88807.0
107,1468.0,192.87707771493208,100.44480482478014,88716.0
107,1465.0,193.08159207515394,101.28329996539999,89858.0
107,1463.0,192.95311215811813,101.47520913917349,92512.0
108,1469.0,152.33862743865694,134.29257559139648,80231.0
108,1490.0,151.5113299884449,135.82956489030533,80233.0
108,1468.0,151.8750191244538,134.5433588150753,81640.0
108,1466.0,151.8557629513046,135.1550486188225,81670.0
108,1488.0,151.56343646835415,136.0320430755239,81521.0
108,1472.0,152.02513510876565,134.67246461749994,80972.0
108,1493.0,151.03211412214876,136.01999163758362,82162.0
108,1470.0,152.27706973307048,134.68456953489977,82080.0
108,1491.0,151.54585131232452,135.7447118638491,80374.0
108,1471.0,152.3162594327776,134.1840524670118,80500.0
108,1494.0,151.4838452762346,135.79079493359805,81208.0
108,1473.0,152.0251440819445,134.9408699155094,80530.0
108,1496.0,150.73087994211895,136.25512169595262,78432.0
108,1475.0,151.9239946035833,135.7784012140124,80695.0
108,1474.0,152.0227375112942,134.9888013327149,80294.0
108,1492.0,151.2052026454082,135.76539822992152,82468.0
108,1495.0,150.7693772107584,135.87215563477886,82481.0
108,1476.0,151.52851675119445,135.43158169583458,80547.0
108,1477.0,151.8328631177012,135.00561205534655,80145.0
108,1479.0,151.3227517115827,135.949900181764,80996.0
108,1478.0,151.79239992530702,135.9625809224842,81370.0
108,1481.0,152.14891400704275,135.23155724775742,80881.0
108,1485.0,152.15338067820602,135.72387603217632,83390.0
108,1484.0,151.79384887682988,135.84430829352948,80267.0
108,1480.0,152.0255371043012,135.79636150607652,81258.0
108,1482.0,151.72712432558043,135.5208422567831,81203.0
108,1464.0,152.0648410190585,135.2828257629923,81267.0
108,1483.0,152.05610599617705,135.87956059340908,81284.0
108,1486.0,152.01040648976814,135.8035689251657,79869.0
108,1467.0,152.21980737442158,135.38080472608684,80660.0
108,1489.0,151.68982814035846,135.7594841289068,80685.0
108,1465.0,151.9983584185463,135.4614391761164,81500.0
108,1487.0,151.82564768221178,135.89646544620052,82797.0
108,1463.0,151.93676995596283,135.06067289192129,81651.0
109,1469.0,215.53392750786486,111.64114960795786,80093.0
109,1490.0,210.3506773680879,104.3298665691067,80402.0
109,1470.0,216.2124511167592,108.5354998954904,84429.0
109,1491.0,209.5581515014566,104.60393200270711,82574.0
109,1488.0,209.76915518270692,105.13997628959412,82387.0
109,1472.0,221.09253284587294,107.38118686065629,82420.0
109,1493.0,209.89732475237167,104.8338967566902,83854.0
109,1471.0,217.30661596568564,108.82094975695286,85085.0
109,1494.0,210.02052115169167,104.6911529866486,83307.0
109,1475.0,218.2797659148798,106.34628162492098,83235.0
109,1474.0,218.25334238528757,108.05489077892942,81839.0
109,1492.0,209.66471714282963,104.49679556172154,82710.0
109,1473.0,219.15130994515468,109.40971380216278,82917.0
109,1476.0,216.40863487722177,107.76721788365352,86270.0
109,1478.0,210.62989354208025,104.61198052699422,80742.0
109,1477.0,214.0454852410113,105.76813824114562,81360.0
109,1479.0,210.07441468582246,103.52965372633119,81435.0
109,1481.0,210.8282152520469,104.8057287262485,80576.0
109,1484.0,209.97639535970382,105.38271936755548,80689.0
109,1480.0,210.22386186373544,104.72594902779896,82830.0
109,1485.0,209.84361588878554,104.8573508105385,81988.0
109,1482.0,210.53536699316433,104.49123774883122,82270.0
109,1483.0,210.78416940797464,105.17730449417868,80706.0
109,1489.0,210.02506157643043,104.28593883436078,82432.0
109,1487.0,209.11037573805535,104.70693998102819,83816.0
109,1486.0,210.30199543670318,105.13269699040097,82243.0
110,1508.0,209.31246236336568,106.33751811217851,81864.0
110,1509.0,209.54520502170817,105.83196777099157,82102.0
110,1511.0,210.61164632521488,107.02328848850885,82825.0
110,1510.0,209.7087590528221,106.32770135725671,83899.0
110,1504.0,210.17099468134688,105.15771508531252,82466.0
110,1507.0,209.4520075075296,105.38486279896397,82537.0
110,1506.0,209.6974669431909,105.03362523876687,84070.0
110,1513.0,210.21021919148805,106.28099398487868,81654.0
110,1512.0,210.29357427865364,106.44490293492292,81583.0
110,1514.0,210.37341285204104,105.69903596023727,80919.0
110,1501.0,209.94558912999062,105.09843734395577,81659.0
110,1502.0,209.92119844666882,105.52948224517453,81675.0
110,1505.0,210.16669549037755,105.01260646856078,82657.0
110,1503.0,210.13037355949496,105.56343374680507,83756.0
110,1499.0,210.49463683752424,104.64002697616112,81571.0
110,1500.0,210.16824417153018,104.75188132940517,81672.0
111,1520.0,198.1780780593524,129.81316529873823,81084.0
111,1519.0,201.49784703334146,129.50616126400246,80396.0
111,1518.0,204.92963740796637,126.33283888157122,80602.0
111,1514.0,214.59882013638276,124.72535713077653,79692.0
111,1521.0,203.02145017893918,132.50245553145487,80379.0
111,1515.0,208.28266494110167,121.33523799930737,80988.0
111,1523.0,203.76005440130538,133.45207925272513,81071.0
111,1516.0,205.99642240987376,126.92075662302261,80463.0
111,1522.0,204.62562729317565,133.09972612257033,80102.0
111,1513.0,214.70719572837868,124.06524618835051,80321.0
111,1517.0,206.2860579959682,127.4720761677978,79869.0
112,1528.0,209.5978772946303,105.70638109422647,81060.0
112,1529.0,210.4706118259582,106.45426647533723,82217.0
112,1527.0,211.10316104494476,105.00312062243212,81139.0
112,1526.0,210.5764400038979,105.25089132353327,80592.0
112,1524.0,211.07046326217807,106.46434106399622,84469.0
112,1531.0,210.12450060840123,104.59613939792143,82130.0
112,1534.0,210.16823411445927,105.43393020485453,84299.0
112,1532.0,210.07279426189072,104.72168639137978,83462.0
112,1530.0,210.80218428038316,105.74570769640891,81617.0
112,1536.0,210.604137544473,105.75749106267158,82341.0
112,1540.0,211.2806728714925,105.30464334850141,81908.0
112,1533.0,209.6009225338387,105.7382284276437,85348.0
112,1538.0,210.5703457111725,104.60126286038904,83575.0
112,1535.0,209.49960040086125,106.31762595819922,82785.0
112,1542.0,210.67682227450504,104.93034965654165,82663.0
112,1537.0,210.30539493465213,105.75968594083128,82764.0
112,1539.0,211.42118879468202,105.28187664321968,81977.0
112,1543.0,210.59638072278264,104.78469727666906,82337.0
112,1541.0,210.71928890557123,105.58900567981395,83009.0
112,1516.0,210.32361243629163,105.75459452329935,81421.0
112,1520.0,210.78655477326527,105.97242751934095,82613.0
112,1522.0,210.93866155449572,106.52752436568105,82896.0
112,1519.0,210.86544417267473,106.03406371616934,82734.0
112,1518.0,210.7929838894329,105.09461417368827,81509.0
112,1523.0,210.85160581502154,106.01676536754209,81031.0
112,1525.0,210.0939628117542,106.52726147555951,82707.0
112,1517.0,210.7777894773591,105.79372610559693,83407.0
112,1521.0,211.2394668182996,105.93842792862726,82223.0
116,1541.0,210.71210640115805,117.7726474335335,81669.0
116,1545.0,210.95757159079406,117.31780569745946,80975.0
116,1543.0,210.616206415582,117.29226975646351,79861.0
116,1546.0,210.50043524230125,117.35141687931102,80288.0
116,1549.0,210.39622339209674,117.04344489179192,80739.0
116,1547.0,210.00088535463235,116.7775080408199,80862.0
116,1544.0,210.49370070822667,117.89914701244624,81027.0
116,1548.0,210.03928001507762,117.479675677089,79610.0
116,1553.0,209.71326264521903,117.82276147656196,80773.0
116,1552.0,210.00520413143394,117.13008035112381,80588.0
116,1550.0,209.43109898948842,117.04139243476132,80256.0
116,1538.0,212.14852361843617,125.27632062837962,79704.0
116,1551.0,210.2305560449123,116.90413722102373,80843.0
116,1539.0,209.8014104858678,122.55629592986718,80844.0
116,1542.0,209.83597080225286,117.11388445436731,79078.0
116,1556.0,211.6482018536985,117.65954783756933,79565.0
116,1540.0,209.98115000271244,119.63115234414111,81704.0
116,1554.0,210.63328218293697,117.07805486765719,80178.0
116,1555.0,210.49163131642055,118.06386665047786,80240.0
118,1558.0,213.31277752577265,96.08617019556563,83528.0
118,1576.0,213.20681925575155,97.39970968738365,82373.0
118,1561.0,213.61026478454264,97.22539600804208,82744.0
118,1562.0,213.66728672684116,97.18693778579842,83411.0
118,1579.0,214.07247651686643,97.32901832561625,83963.0
118,1563.0,213.71939028802376,96.87536964305357,85542.0
118,1560.0,213.04375990214464,96.09528250037155,80497.0
118,1564.0,213.79724538751904,96.70032298168677,82561.0
118,1582.0,216.80871824104267,94.03583326672006,81552.0
118,1581.0,215.79575138279162,95.33365940887617,81186.0
118,1568.0,212.70318169364705,97.60886171972716,83792.0
118,1565.0,213.90391199505729,96.39138538201196,83080.0
118,1567.0,213.8090493797056,97.01833683106024,81546.0
118,1571.0,213.168589899108,96.88667492284733,83007.0
118,1569.0,213.67315344648134,97.59085566109498,80913.0
118,1566.0,214.2375461307064,97.48758567016426,84220.0
118,1573.0,213.28045928399925,96.98386430934468,82759.0
118,1547.0,209.08718066246735,104.49393195488534,81109.0
118,1570.0,213.58632423105897,96.51808521147723,83664.0
118,1574.0,212.98455737535008,97.24803868407217,81604.0
118,1549.0,209.66421937538877,104.49539800025514,83135.0
118,1550.0,209.34141310023492,104.22963212909522,81557.0
118,1572.0,213.08803624948666,97.0281835910854,82784.0
118,1548.0,209.4620561038645,104.26424189444782,83170.0
118,1552.0,209.73158400205844,104.81499926205406,83968.0
118,1575.0,213.5647731294903,96.71576995460428,81936.0
118,1554.0,208.55155107060887,103.7217897265418,83173.0
118,1551.0,209.4193332109812,105.1244556252554,85056.0
118,1577.0,213.30660196405645,97.43324612219976,81062.0
118,1553.0,209.50625077807598,104.1138022734381,83031.0
118,1556.0,210.3230528050034,99.40471002238927,83031.0
118,1578.0,213.8317274139036,97.8390114033424,83645.0
118,1557.0,210.00305018603686,98.27576048639877,84107.0
118,1555.0,208.92997094051438,101.64098821222787,85684.0
118,1580.0,215.73222415798372,96.56432158285145,82516.0
118,1559.0,213.7753964619935,96.57948428726232,87258.0
119,1562.0,209.02111600751883,117.25565727663007,80343.0
119,1579.0,209.36618745282198,121.99834771075717,80184.0
119,1558.0,211.16264407812355,117.86189957291825,80353.0
119,1578.0,209.46122051870879,121.25400477312358,79334.0
119,1561.0,210.00143395242875,118.09143111324617,80384.0
119,1564.0,208.94522475390346,119.00365776804013,79775.0
119,1582.0,209.06724031556703,121.23785671392606,80522.0
119,1563.0,209.23995337838068,117.58407360649662,79857.0
119,1576.0,209.46244030302054,121.38034446261982,79233.0
119,1560.0,210.74051514641317,119.22992823030847,80817.0
119,1567.0,209.52147579801976,120.27250815496689,80851.0
119,1581.0,209.1214572889521,120.65253505772844,80510.0
119,1583.0,209.19212818848345,121.27760079056378,81384.0
119,1565.0,209.72746461828314,120.25604962572588,79317.0
119,1571.0,209.97773145220089,120.78491281152507,79394.0
119,1569.0,209.80923426875444,120.98797507610702,80164.0
119,1568.0,209.54194764438074,121.18463445883773,79586.0
119,1584.0,209.3900924795577,121.24429311999062,80046.0
119,1566.0,208.84422349341116,120.43158893582402,79332.0
119,1585.0,208.97868917709175,120.8657171061829,80530.0
119,1573.0,209.5432187254713,120.8783837216278,79908.0
119,1570.0,209.8020164625808,121.04226190215734,80278.0
119,1587.0,208.92740491403302,120.82807097120912,79894.0
119,1588.0,209.0017318717352,120.59517212818274,79361.0
119,1574.0,209.8810078419985,120.92463488263698,80761.0
119,1572.0,209.80507174086705,120.84002504070645,80708.0
119,1586.0,209.49679667940669,120.32778086430245,81423.0
119,1575.0,210.03077294230735,120.77873132985972,79584.0
119,1577.0,209.41916724398294,120.53604544359729,80108.0
119,1559.0,210.35497305185072,118.4929128752166,80865.0
119,1580.0,209.48583712113444,120.93292020659686,80535.0
122,1576.0,167.744145920546,97.48504721551646,83799.0
122,1626.0,174.1350317906735,96.73998189216891,87786.0
122,1632.0,173.57099694071277,96.28452725821357,79241.0
122,1579.0,167.93044535887051,90.5594307458553,89297.0
122,1631.0,174.08025856338733,96.82231125309113,83578.0
122,1630.0,174.03054730984334,96.59076635031526,85513.0
122,1583.0,170.098161520247,96.09981201799374,89213.0
122,1582.0,168.59004964498217,93.93405765201649,86764.0
122,1581.0,168.61155815024838,91.25554184678083,87421.0
122,1584.0,171.28889227599637,96.94569634254577,88057.0
122,1571.0,174.33900114187938,94.44423151344326,84801.0
122,1590.0,172.37509563157204,98.75681291051622,84234.0
122,1587.0,171.88872976540796,98.40569876277983,87924.0
122,1585.0,172.0248085606724,97.81263703546897,88585.0
122,1588.0,171.94450416672632,97.73347477799223,89459.0
122,1589.0,171.46433547745778,97.86944566522327,86176.0
122,1586.0,171.5094080941066,97.81579409967378,90853.0
122,1592.0,170.90371020142825,96.69106950073493,86048.0
122,1591.0,171.73031843890138,97.84109051764389,82892.0
122,1596.0,172.01166719231423,95.36155725766596,86583.0
122,1595.0,171.69253947811106,94.4124649005017,85677.0
122,1593.0,170.81037563463542,95.90933006483156,85517.0
122,1598.0,170.9166691373032,94.53416020429994,86098.0
122,1594.0,171.55688861904824,95.29531102263239,87409.0
122,1599.0,170.18787479292817,94.71076266229315,86284.0
122,1601.0,171.6635439811477,92.59848068406667,88189.0
122,1600.0,170.6100092356602,94.22990456850515,88568.0
122,1597.0,171.5232531848054,95.45155672281854,88994.0
122,1607.0,178.71303082576117,95.17914656036437,87596.0
122,1602.0,171.4386665309268,92.4405153002183,87004.0
122,1603.0,172.83302367487167,91.51214522726694,88640.0
122,1611.0,177.154283984342,94.69923617212301,86793.0
122,1605.0,175.08230879345845,92.62925228479936,89786.0
122,1604.0,173.55599356738736,91.30983453826836,88530.0
122,1612.0,175.71597707385223,96.17209085440753,90153.0
122,1610.0,180.11980725005586,94.68303862834317,90365.0
122,1613.0,176.11358034717966,96.96063656621133,89312.0
122,1606.0,177.28928393596064,93.80960854935306,88605.0
122,1572.0,176.80683073323695,91.3972698668924,87376.0
122,1618.0,173.91264945572925,96.80889357126533,85857.0
122,1614.0,175.6520624864946,97.66689760738946,89329.0
122,1617.0,173.98866170743614,96.90012933767753,88766.0
122,1573.0,177.26052844050358,91.67617748025322,90522.0
122,1608.0,179.27625951499368,94.6555850339,90204.0
122,1619.0,174.07830809470266,96.30035729999985,91765.0
122,1616.0,173.89333403930738,96.81342574989665,86109.0
122,1615.0,174.92243116542895,96.8618853536751,88924.0
122,1609.0,180.7575974857111,94.3764951894257,90176.0
122,1574.0,173.20904547659083,90.99412753915983,86597.0
122,1575.0,170.74311609216463,91.98379541813377,86557.0
122,1627.0,173.97068301821062,96.88763724495264,88060.0
122,1624.0,174.02736203577624,97.11542492330224,88677.0
122,1577.0,169.58073481629023,96.59524264625215,87959.0
122,1620.0,173.98945127652362,96.56812133489085,89460.0
122,1621.0,174.08023779288024,96.83182204480161,86889.0
122,1622.0,173.9723008014683,96.91353407923684,86818.0
122,1628.0,173.95944196199102,96.8874054584941,86694.0
122,1578.0,169.5350411062658,93.98796922650568,88246.0
122,1629.0,174.37426662182318,96.89948240720969,88755.0
122,1580.0,168.47950838155583,91.12086248267899,88903.0
122,1625.0,174.16293362470958,97.03087605069156,89168.0
122,1623.0,173.81445818296527,97.01743272655966,89597.0
124,1579.0,143.75498849582416,117.281219953868,80002.0
124,1581.0,144.71484500537784,112.11827829292692,81549.0
124,1583.0,144.86835653940153,115.38013874567687,81311.0
124,1582.0,146.4980327672033,111.44901780662525,80859.0
124,1578.0,144.98498727882676,117.8445704734594,82143.0
124,1584.0,143.81583844778842,121.00696352658787,81689.0
124,1580.0,147.11485180171434,114.05101640995886,81126.0
125,1592.0,216.48593752014497,94.36883793712352,81753.0
125,1590.0,216.6978962721539,93.97053557640047,81007.0
125,1591.0,216.87617533392256,94.08751418493446,80327.0
125,1589.0,217.29862810039114,93.60208311444974,80847.0
125,1587.0,217.05054768418853,94.32844536194146,81843.0
125,1586.0,216.22309013950462,94.80998333042696,80848.0
125,1588.0,216.6022049323104,93.81858886244729,80735.0
134,1634.0,216.9078186576268,94.85906030276216,82425.0
134,1631.0,217.22334705710904,94.02130043455765,81310.0
134,1635.0,216.90198251866144,94.79562924486606,81051.0
134,1630.0,217.10949033213757,94.20726251117424,82016.0
134,1636.0,216.81247787055884,94.89833118779512,81469.0
134,1633.0,216.8427525158368,94.62804533695422,81845.0
134,1637.0,216.31137105992698,95.14193767997094,80971.0
134,1640.0,216.93909263079124,94.62280504829225,81756.0
134,1641.0,216.65116684169098,94.51825932429173,82120.0
134,1638.0,216.4420249778521,95.482469740617,81586.0
134,1639.0,216.50906587019395,95.13522099001815,82235.0
134,1632.0,217.04011812283383,94.49176705016147,80730.0
134,1643.0,217.19974343440936,94.37873845132091,81617.0
134,1642.0,216.7939347328367,94.76278994004763,81154.0
134,1644.0,216.8070598356731,94.72351690045176,80139.0
135,1635.0,173.26859533694193,97.06252533893789,80306.0
135,1640.0,173.94818698805835,97.34931931260591,79966.0
135,1641.0,174.09155738333436,97.42736816178892,79641.0
135,1643.0,174.02239350099197,97.36891984292521,79809.0
135,1638.0,173.78706234489056,97.06768183924103,79086.0
135,1639.0,174.28243925642224,96.99579591624877,80618.0
135,1644.0,173.72297613360607,96.9248501788166,80265.0
135,1636.0,173.70497939532183,96.6118750353963,79523.0
135,1634.0,174.034870587616,96.46339204527365,79646.0
135,1642.0,175.18884887350634,96.59367609966536,80686.0
135,1637.0,174.1471859557788,96.50701490719268,79316.0
140,1667.0,217.10552845146015,95.0949819658445,80998.0
140,1670.0,217.4858975840791,94.58812359453024,80395.0
140,1666.0,217.31115269515345,95.1574997999953,82375.0
140,1668.0,217.49433271904002,95.704706757131,81253.0
140,1669.0,217.01866291508847,94.50836885880413,81298.0
143,1728.0,158.96674749036507,145.5051852745051,79443.0
143,1723.0,163.01512680651774,138.17431710143128,81065.0
143,1726.0,162.80809984877772,141.21068448770362,80162.0
143,1727.0,162.00784499084085,142.6256883236082,81809.0
143,1725.0,162.75675125067997,138.40166445159016,82575.0
143,1724.0,161.9768569883634,138.16560782333787,84198.0
143,1721.0,163.0084360032194,138.66159589757868,81458.0
143,1722.0,163.74439724687082,138.0917724177545,82785.0
143,1720.0,160.3318983129987,140.97565237493959,82987.0
145,1751.0,159.39483547742302,138.09897749653257,80244.0
145,1752.0,161.83248725752708,141.77011533564718,80662.0
145,1757.0,157.23635340351535,146.5457183307746,81669.0
145,1760.0,155.67027965475705,140.84740413636243,84656.0
145,1758.0,155.5589601721252,145.716038449305,84831.0
145,1761.0,156.31941710929704,140.00547590088317,84646.0
145,1754.0,155.50443933021953,147.42490176444818,82172.0
145,1753.0,159.5648059234201,143.94268470388943,83084.0
145,1755.0,152.87624621690713,144.3409557990728,82653.0
145,1756.0,153.8958234556338,145.45503295890538,84972.0
145,1762.0,152.78645116003034,139.37737219542302,84031.0
145,1759.0,156.7429528018997,141.3446660253709,82103.0
145,1763.0,153.57065266215915,138.275573816962,84736.0
145,1764.0,152.07746964304022,138.502158471895,82612.0
145,1765.0,151.58656780551732,139.23935810026154,82144.0
151,1815.0,169.21931700338564,99.01351707387333,85273.0
151,1833.0,185.97468962127948,93.95857307560021,86074.0
151,1831.0,187.724999167867,93.14107039763216,83034.0
151,1834.0,187.69394981592706,99.50041659422479,87392.0
151,1836.0,194.92095822033093,108.02764864388513,86705.0
151,1816.0,170.01196911579086,97.85527688808193,84225.0
151,1835.0,193.87971559238082,106.49158336085264,87124.0
151,1817.0,169.2727703159853,99.58606786944532,83754.0
151,1839.0,202.87698126761927,101.04833186674747,82788.0
151,1819.0,170.09263497343622,95.05177894151502,82220.0
151,1840.0,201.44137118435643,98.49513646613707,86145.0
151,1818.0,169.24390958715176,98.51243338531708,84675.0
151,1837.0,196.4076277728042,109.36026050582537,85569.0
151,1838.0,199.97066032945264,107.35725475030961,84721.0
151,1820.0,169.66245144283192,98.16955149991946,84233.0
151,1822.0,166.5739801279615,94.16522637385741,82199.0
151,1841.0,199.52125231845173,100.93721580189722,80740.0
151,1821.0,169.50053524885263,96.66879718538848,84037.0
151,1827.0,179.66697064204791,96.96036104540484,84921.0
151,1825.0,169.00894856722397,94.12004138872518,88992.0
151,1824.0,168.94712137479453,90.6991922932848,88974.0
151,1829.0,181.867636177297,101.5363942830257,87859.0
151,1826.0,175.0654873461714,96.15552922849972,86150.0
151,1828.0,180.49143572365207,99.52660378135901,88851.0
151,1823.0,166.10756875419642,93.21856155404791,84385.0
151,1832.0,185.84844260325917,88.75554674033884,87059.0
151,1830.0,184.03553346799052,100.79260511467594,83838.0
154,1820.0,159.92356096475874,149.0909909283422,84959.0
154,1823.0,160.68713591434116,147.36001959256822,85073.0
154,1822.0,161.24799403598422,147.82322855750323,85425.0
154,1819.0,161.5838942109743,149.32187818879135,85117.0
154,1821.0,159.67447641199328,147.47776722713851,83565.0
161,1834.0,153.8067984231819,153.65181494832504,84169.0
161,1833.0,150.88553425053914,152.46149420871504,84168.0
161,1831.0,148.85237885132622,153.5981552142161,81672.0
161,1836.0,154.17512453996505,155.8789761248858,80576.0
161,1829.0,145.86938816510443,157.87900980677355,81509.0
161,1835.0,156.35581737078377,155.94298134177268,82003.0
161,1839.0,146.48740448824034,150.3678168533845,84876.0
161,1840.0,147.15135428522055,149.3243157923001,80989.0
161,1837.0,151.2719987957343,152.67304734779077,81096.0
161,1838.0,151.31291641090203,150.11664140248956,83283.0
161,1832.0,152.16794357571916,153.53554703816863,84248.0
161,1828.0,142.7588549224694,155.55881251304243,81086.0
161,1830.0,142.3864556806324,151.9193021259639,80925.0
163,1833.0,169.14881388974962,98.698432764415,82123.0
163,1834.0,168.84654057141202,98.14503570436031,82290.0
163,1837.0,169.58067589785642,97.86661635390274,83114.0
163,1835.0,170.8401802152811,95.92245832013572,81968.0
163,1836.0,169.77712561952828,98.39953814603447,83269.0
167,1847.0,146.7817438061094,151.5594665505226,80847.0
167,1852.0,153.40180778175414,149.8553258351945,83650.0
167,1850.0,145.38628656659395,149.47645930311123,81303.0
167,1851.0,151.94553315595678,148.4436744743127,82999.0
167,1848.0,143.2081888344589,150.23924968779653,84524.0
167,1849.0,139.75587012899197,145.0685007720707,83319.0
173,1865.0,175.02917179690107,87.47314563205022,79538.0
173,1859.0,175.14010224470164,87.82371313167504,79615.0
173,1863.0,175.29874418463538,88.00453737972263,79931.0
173,1864.0,175.5786372998387,87.6443151856572,79836.0
173,1860.0,175.53402951279662,87.39098423388963,79183.0
173,1862.0,175.80190054720921,87.42467370586014,79132.0
173,1861.0,175.46743129485017,87.31957766463465,80472.0
173,1858.0,175.70995645094536,87.32875275542386,79734.0
176,1875.0,160.40962175950384,146.29027190954932,84277.0
176,1876.0,158.8508139584564,146.9541703979658,81268.0
176,1877.0,157.5548060634712,143.9640187528012,80397.0
176,1878.0,156.82548443223718,141.91342063328855,79874.0
176,1872.0,156.42905774110682,156.76431031101015,81568.0
176,1873.0,156.72755915492723,151.42230654403193,85432.0
176,1874.0,159.4012680122452,148.44716923783437,82931.0
177,1890.0,152.83359407462405,131.85798151460094,84209.0
177,1896.0,146.01189383779206,141.97436346035556,79304.0
177,1895.0,145.5226746342812,139.34991382686152,86456.0
177,1893.0,145.5753957682493,137.83915786451027,87817.0
177,1897.0,148.9215173978299,143.7212107946852,80685.0
177,1894.0,145.80914668288938,135.91993099146183,86622.0
177,1892.0,148.40584391925327,134.80255174584724,85506.0
177,1891.0,150.990113708661,130.3881592295742,86372.0
177,1898.0,149.177656438276,146.17466145177173,81158.0
178,1948.0,171.84405476880815,134.64665527027816,80376.0
178,1950.0,172.49387008262732,140.5736876567502,80863.0
178,1954.0,173.7984646203598,145.0120977279897,80019.0
178,1956.0,171.556608716156,145.00441666158255,80385.0
178,1957.0,168.51142201650524,142.03247329739196,80238.0
178,1952.0,172.74877808587905,143.8542884645245,80517.0
178,1951.0,173.85737333275696,142.6536773329746,80342.0
178,1953.0,172.44993793283268,144.53222457013902,82629.0
178,1949.0,172.92220750152737,135.64598394618835,80978.0
178,1959.0,169.74240796857734,141.3052294625425,80041.0
178,1963.0,171.2116112122117,138.0696564170543,81138.0
178,1962.0,172.70650359878584,137.27687281438963,80083.0
178,1964.0,167.58684536675196,142.6019132117515,79770.0
178,1958.0,169.2404239119477,142.30021416285174,80230.0
178,1955.0,170.5558886120452,145.54249030512256,80591.0
178,1961.0,174.38823346054238,138.92824292820626,80949.0
178,1960.0,170.86217461856216,139.4352665346937,78880.0
181,2119.0,171.44351829118702,99.3514296743537,88928.0
181,2124.0,172.5695111611555,98.62536817768215,80784.0
181,2120.0,170.25338347441834,98.44896421781779,84351.0
181,2117.0,170.79765368672156,100.61539817297253,84635.0
181,2118.0,171.49562457686216,99.70679554691974,89149.0
181,2121.0,170.30248834995027,99.34513346597483,83796.0
181,2123.0,170.21712091789738,98.04192378902378,80930.0
181,2130.0,172.31845681116752,96.07477387692421,85428.0
181,2127.0,175.36325946807543,96.06229239580449,81959.0
181,2128.0,173.29038047741795,96.923008316118,83195.0
181,2129.0,172.73992278392745,95.43690690755074,85602.0
181,2122.0,170.89497091451415,98.84019709629275,84206.0
181,2125.0,175.13402572567858,97.08229127369373,80991.0
181,2126.0,174.15993655177587,96.06783496580113,81267.0
181,2132.0,172.10655266078356,96.6287636793189,86499.0
181,2138.0,170.85528758999402,91.97838903119641,87985.0
181,2136.0,172.2229601945817,95.5255039830436,90028.0
181,2137.0,171.040343313865,92.3775693040414,88317.0
181,2139.0,170.27882920494824,92.07184820919619,89094.0
181,2131.0,171.86467687493055,97.15237931095561,86142.0
181,2135.0,172.14030984767408,96.17130958867271,87391.0
181,2133.0,172.07323782040856,96.44092815732581,86643.0
181,2134.0,172.2793147875414,96.75900909216624,87561.0
181,2140.0,169.48815339623147,93.0758471390944,88914.0
181,2142.0,172.97776863647073,93.11038496303185,85772.0
181,2141.0,171.41023597849593,94.8484292998434,88956.0
181,2143.0,173.9687981915252,92.10438758823275,82696.0
182,2143.0,179.02390144050833,96.07473483296344,82840.0
182,2144.0,181.14797833636666,98.30058928987948,85522.0
182,2148.0,179.27956165290516,94.48244465035702,86493.0
182,2147.0,184.0488866809439,95.47190814097868,84872.0
182,2150.0,179.87660687960837,100.75852256036505,84519.0
182,2152.0,180.82490042366194,101.91221080538784,84350.0
182,2153.0,179.8518296916962,101.88639414574283,85115.0
182,2154.0,177.96951741624983,100.20787247722768,86932.0
182,2146.0,183.06351556635144,96.0037904280379,87185.0
182,2145.0,180.36409007755333,95.70728103561085,84777.0
182,2149.0,177.66487024696175,95.70166920602435,84509.0
182,2151.0,180.48221416829367,102.5741373877779,86345.0
182,2157.0,174.36008575774684,103.20620088128146,83441.0
182,2160.0,178.06474929253673,105.03438558095343,82729.0
182,2161.0,176.52401626827185,103.83884179171173,83168.0
182,2164.0,172.23386328052288,104.48315059223778,83119.0
182,2155.0,176.60511265279283,97.57173597303333,83350.0
182,2158.0,177.12677214722964,104.82665213998527,83803.0
182,2156.0,171.15459873054394,102.01757983141061,83061.0
182,2159.0,177.80445924205304,104.88157753303491,83438.0
182,2167.0,170.72781111553553,104.92231386944911,80763.0
182,2168.0,171.0852974793818,105.07401172708265,83930.0
182,2169.0,171.15136735044635,103.44237169144566,85862.0
182,2170.0,172.30618965996908,104.12810317633293,90412.0
182,2162.0,173.1437235338172,104.7934038653537,84974.0
182,2163.0,172.01932231664566,105.04618108000827,83584.0
182,2165.0,171.83578248111334,104.71425968783687,85169.0
182,2166.0,172.65855487375555,104.56687253581443,82455.0
182,2171.0,172.07930994246556,105.45520888798313,89179.0
182,2174.0,169.4064557766965,105.81905803689907,85507.0
182,2173.0,169.60171025772877,105.77876924127804,88921.0
182,2172.0,171.51682091420977,105.3437302568614,89225.0
184,2195.0,171.2535979999426,107.82998915295774,90386.0
184,2194.0,170.00235960033743,108.05932836745848,88171.0
184,2197.0,171.66558251237157,107.62654001205523,90162.0
184,2196.0,171.18735982330983,107.31095175243948,88500.0
184,2191.0,165.43522532982018,107.73522842563938,86331.0
184,2192.0,167.47938694324623,109.47352992378732,90471.0
184,2193.0,168.4484520078904,109.2673466846988,87747.0
184,2198.0,171.67355809510863,107.56942931946661,80029.0
184,2199.0,171.5482468259318,104.14718837376377,79080.0
184,2189.0,166.13504517906185,111.88323167374281,82542.0
184,2188.0,167.07511573994037,106.7079074451313,82386.0
184,2190.0,164.80306763788755,108.26033828947105,89632.0
184,2187.0,166.6761993656312,109.32427859886755,83363.0
185,2252.0,151.8384981695912,101.88960150518442,79668.0
185,2233.0,157.4361970155985,107.00574125368516,80271.0
185,2235.0,157.82403129504493,107.1197216907939,79697.0
185,2236.0,157.34773602150216,106.72036410499979,79331.0
185,2238.0,158.20610853764828,107.05537963103873,80296.0
185,2232.0,157.84634669277727,110.92076404467886,79479.0
185,2234.0,157.62376082558407,106.90948751685845,81374.0
185,2242.0,159.10004190249416,106.86784226499593,79810.0
185,2243.0,157.95038005360283,106.38041806594381,79882.0
185,2244.0,158.2544283952364,105.86887498642912,79327.0
185,2246.0,158.01351201426834,106.78371672698457,81942.0
185,2237.0,157.69773006451263,106.93625910871401,79903.0
185,2239.0,158.07396176849105,106.64947496311382,79994.0
185,2241.0,157.59599766639082,106.35422882959068,80784.0
185,2240.0,157.48787965295554,106.61293958330079,79550.0
185,2251.0,152.11955238903715,101.65950041624538,80196.0
185,2253.0,151.76265910470707,101.75344242610286,79879.0
185,2250.0,155.9817834713232,102.94921421474345,79447.0
185,2254.0,151.9152579268116,102.2746546853125,80608.0
185,2245.0,158.54283262097195,107.50998160947637,79523.0
185,2247.0,157.9250090866004,106.21734632935609,80821.0
185,2248.0,158.37001338112566,105.47792222121525,80899.0
185,2249.0,158.1392100434296,105.82925490079148,80773.0
187,2377.0,185.8260968068792,141.16785897626258,87859.0
187,2376.0,185.7511181303423,141.20053322371777,88393.0
187,2378.0,186.0229831964857,141.02848758110187,88946.0
187,2382.0,185.88539383639363,141.31956480652354,86486.0
187,2368.0,185.9078178418703,141.03613707992113,90349.0
187,2370.0,185.8728936677672,141.15390496495652,86451.0
187,2375.0,185.74905560695558,141.26675157372625,87556.0
187,2371.0,185.84518388937863,141.0543310578821,92082.0
187,2373.0,185.87145537413747,140.93495741917863,93160.0
187,2380.0,185.5897452112245,141.3007154092958,88211.0
187,2384.0,185.6531648469144,141.22630108062123,88803.0
187,2383.0,185.9018418829559,141.2296705036342,89278.0
187,2381.0,185.79456822765687,141.28059309467957,85800.0
187,2374.0,185.7465826881447,140.96649406540408,87978.0
187,2379.0,186.03414157624474,141.1484072705556,88349.0
187,2372.0,185.68643082066737,141.0316975047504,90443.0
187,2389.0,185.4873327796804,141.4154670797871,86854.0
187,2388.0,185.84848620802032,141.28039653844374,88543.0
187,2385.0,185.74274766015014,141.18102185835798,87956.0
187,2386.0,185.5424658805957,141.31457134585077,85930.0
187,2387.0,185.62469861745802,141.32020627528834,89016.0
187,2390.0,185.45554625033992,140.92414570976064,80671.0
187,2357.0,185.8642780890828,141.00063047665662,89229.0
187,2360.0,186.06335426683074,140.97370994468525,88123.0
187,2355.0,185.88058296268383,141.046567248047,87705.0
187,2354.0,186.12055974754762,141.01807288907165,89327.0
187,2365.0,185.8268929536272,141.0650152735214,86515.0
187,2363.0,185.99645209681506,141.1706916278655,88080.0
187,2362.0,186.10142305240447,141.2664577021843,91029.0
187,2361.0,185.89307717947298,141.23802272821897,91091.0
187,2356.0,185.9576316524511,140.9834485395965,90233.0
187,2359.0,185.82644252892638,140.71692979549672,90529.0
187,2366.0,186.08165219467986,141.161901119734,92692.0
187,2367.0,185.85362072576856,141.07744372918958,87973.0
187,2369.0,186.0620832959852,141.13178778591757,88943.0
187,2364.0,186.15536202196887,141.2910102847533,87265.0
187,2358.0,186.0089741009891,141.13019794712005,87009.0
188,2647.0,188.90141975799668,78.77400266590075,82523.0
188,2646.0,184.87478650638292,79.57304875140225,80831.0
188,2645.0,179.33733303785607,79.25443808762574,83355.0
188,2649.0,188.0594284497743,80.91335259258184,82733.0
188,2648.0,189.26378347784467,82.24631418008894,81209.0
189,2681.0,173.68112531888642,157.22931290526188,80453.0
189,2682.0,174.23634530886503,156.57454898737817,80830.0
189,2683.0,173.58894091177453,157.10319012533884,81141.0
189,2678.0,174.21822118452127,156.71929648523127,80458.0
189,2679.0,174.2727692506102,157.60811441082384,79983.0
189,2680.0,174.4366135195191,156.63072879502673,80182.0
199,2815.0,166.16023038764766,88.51953865262074,87008.0
199,2819.0,166.52572074768474,87.81983000589524,88984.0
199,2821.0,166.23888020976352,88.0157803935614,86960.0
199,2822.0,166.83838570643246,88.2304466480878,86427.0
199,2814.0,166.6649985503936,88.30816656005615,89237.0
199,2817.0,166.9055461503535,88.71463615728376,88127.0
199,2816.0,166.2767683280483,88.86660683342774,85960.0
199,2818.0,166.41739122753316,88.74171809627187,86605.0
199,2820.0,166.85294393074383,88.39481530061408,88556.0
200,2842.0,153.4169558461776,143.46418962082828,85856.0
200,2844.0,152.7217091124433,141.74472406836912,89849.0
200,2845.0,152.50901864095295,143.08605324149678,87790.0
200,2847.0,154.26416917961262,143.66422581274222,85081.0
200,2841.0,155.29070520482685,142.68192699854657,86179.0
200,2843.0,154.3167403491342,143.01675603112005,86722.0
200,2840.0,155.90500668742627,144.16371220429244,85317.0
200,2848.0,156.4005087002872,142.11519030096832,86723.0
200,2852.0,155.63953546695018,142.20103830871415,86777.0
200,2853.0,156.4577570834655,141.72896490546506,90996.0
200,2854.0,156.16222252887442,143.46311288239482,89986.0
200,2846.0,152.833965278375,143.4013575521435,89550.0
200,2851.0,158.08427849539873,141.81656480896876,88463.0
200,2849.0,156.22971140057473,143.74289561955803,85750.0
200,2850.0,158.039494256403,143.95070929111816,88594.0
200,2859.0,156.8692243096039,144.8621190182607,87790.0
200,2860.0,154.70293795150656,145.35645376353642,82029.0
200,2855.0,153.02025831012665,144.28318401881583,88515.0
200,2856.0,153.9777108127545,143.11339136490028,91651.0
200,2857.0,156.6161397034705,142.79790404337945,85923.0
200,2858.0,157.90259958888828,143.96169651788907,89955.0
204,2919.0,210.49661724536193,135.53498215585077,80356.0
204,2926.0,209.5651870292117,144.5245837985314,81165.0
204,2917.0,210.13806421431804,137.03312571966117,80857.0
204,2918.0,209.98520952091314,135.83409101856847,80018.0
204,2927.0,212.45203796350975,147.72717107314236,81098.0
204,2920.0,209.62968019494568,134.81255140609244,82160.0
204,2924.0,208.18941718819937,137.86388612459646,82455.0
204,2925.0,208.56865144850605,140.21658136101522,80273.0
204,2921.0,208.09254661837917,135.3535588772046,83428.0
204,2923.0,209.41396748287883,138.55869295555902,81390.0
204,2922.0,208.02521537209765,139.2194382560651,82474.0
205,2929.0,217.85511078012084,121.21617108293096,80068.0
205,2931.0,218.17268690751195,121.60281425303253,80110.0
205,2934.0,218.30318434718936,121.19325838686828,80103.0
205,2932.0,217.4842694589285,121.57092246634143,80663.0
205,2933.0,218.0143891168216,121.09741487823678,79403.0
205,2930.0,218.658226397052,121.73216998190289,80529.0
206,2939.0,206.42107233209882,154.7816808129925,85202.0
206,2933.0,217.01528259634534,145.04282495316613,82399.0
206,2940.0,207.44170742444916,154.66653405788716,86852.0
206,2942.0,207.83608567316847,152.32955262412412,87408.0
206,2931.0,216.63143612825274,148.79229079841969,80872.0
206,2944.0,204.25866812787442,158.34426127468086,82485.0
206,2941.0,208.08765528747176,154.92610417656368,88655.0
206,2930.0,217.87805548412288,147.20745780841872,81104.0
206,2936.0,212.99359312889754,144.80686163725605,85533.0
206,2932.0,216.1783150078495,143.55400209979283,84624.0
206,2937.0,213.63643362947244,150.09228654416793,85752.0
206,2943.0,204.66692934618666,156.84147637794308,86227.0
206,2934.0,217.18477906982042,144.05506748052096,85391.0
206,2938.0,210.57491118480837,151.98248964296516,86200.0
206,2935.0,214.78427751067818,144.3361534617704,83001.0
207,2939.0,217.8792838108273,121.5204174711787,79618.0
207,2945.0,219.26889927626203,120.75513928558229,79356.0
207,2938.0,217.75822515468866,121.53380909131239,79017.0
207,2940.0,218.49263840254008,121.40956763876761,80610.0
207,2937.0,218.52104734146482,121.18633621529523,79785.0
207,2943.0,218.21174916872198,120.66814324880646,79281.0
207,2947.0,218.29760953346877,121.31337820992972,80264.0
207,2944.0,218.246869845399,121.22455860138214,79533.0
207,2941.0,217.54304245230713,121.55884029932673,79914.0
207,2946.0,218.3044594115221,121.20761520210368,80358.0
207,2942.0,218.8925602673116,121.2436757009407,80965.0
208,2953.0,197.63824751538823,164.52760130706096,82363.0
208,2951.0,193.26849848002712,153.93097348750445,86995.0
208,2949.0,199.7911932850654,157.7631777760376,86966.0
208,2948.0,202.58563466372468,157.77469221297713,86283.0
208,2955.0,198.17878099966327,164.88590846740917,86461.0
208,2954.0,195.46339218034797,166.32043353210636,84512.0
208,2952.0,192.15885011792417,155.5702740110213,83447.0
208,2945.0,203.75299505170798,160.8568619672015,87285.0
208,2944.0,204.14190269906905,163.13778545111083,84222.0
208,2956.0,195.36730238498046,166.4880278419137,85456.0
208,2957.0,192.4110723031986,167.72350219754367,81899.0
208,2947.0,200.20683531672768,159.14386072333483,89187.0
208,2950.0,195.58386207660453,155.01547350039033,84024.0
208,2946.0,202.33278398979834,158.89441786335607,87965.0
209,2992.0,187.46554350828387,159.25712077467915,87539.0
209,2993.0,189.40372171804222,157.75979066343172,87843.0
209,2997.0,193.5707733626022,157.16302348984163,89622.0
209,2991.0,186.68717219465012,160.64090965006977,84023.0
209,2995.0,191.90153188287846,160.8553431240745,85004.0
209,2999.0,203.57915755524152,162.74291091402006,85903.0
209,2998.0,197.86136949774348,162.36992294375673,87285.0
209,2994.0,190.8634531689913,161.00950087076686,84617.0
209,2996.0,191.9128332971299,159.5320900622449,86332.0
209,2990.0,181.89420848446986,160.10218351376855,83102.0
